transaction_id,vehicle_type,vehicle_brand,latitude,longitude,destination_latitude,destination_longitude,date_and_time,duration_(mins),distance_(km),emission_(co2e)
1,Motorcycle,Kawasaki,24.16774,19.260493,28.588063,25.607283,2023-01-07 16:37:56,136,133.24,25.93
2,Car,Tesla,-39.109873,-8.033541,7.9524675,-40.225217,2023-08-23 23:44:29,230,108.43,7.84
3,Car,Toyota,-38.186994,-58.09443,-77.589135,-54.365434,2022-10-02 04:38:41,224,157.96,8.26
4,Bus,Tesla,45.0564085,-44.520854,-30.9496755,89.4313,2021-10-01 08:06:48,297,35.2,9.56
5,Bicycle,Honda,80.4915965,123.428669,-11.049542,-141.451361,2022-07-09 13:23:40,250,199.92,0.0
6,Car,Tesla,8.2268935,132.312914,-12.597443,102.7001,2022-09-28 23:46:36,269,79.26,10.79
7,Bus,Mercedes,-42.8598075,26.456905,-15.714372,-160.201986,2020-01-08 07:57:20,155,81.65,19.31
8,Bicycle,Trek,-21.0780275,161.011378,-52.77978,164.885024,2021-05-09 10:08:07,256,197.26,0.0
9,Car,Yamaha,23.030867,164.36273,67.964987,132.709305,2020-03-11 04:20:30,70,150.45,12.96
10,Truck,Yamaha,0.839423,148.529227,-32.0607725,146.379388,2020-12-05 02:39:10,216,165.98,42.31
11,Car,Trek,-54.5509055,-177.374873,88.2538735,112.003152,2020-12-30 02:12:11,128,130.18,22.55
12,Bicycle,Kawasaki,-25.6410455,67.601056,32.26704,101.124145,2020-07-25 14:29:43,109,144.09,0.0
13,Motorcycle,Tesla,69.686643,112.605226,-68.028531,-122.52729,2021-02-24 19:21:20,250,28.86,1.93
14,Bus,Honda,3.3916195,50.445879,2.349162,152.624183,2021-08-15 16:47:18,226,10.94,0.81
15,Bus,Toyota,-55.669165,-16.073394,-7.1467205,-136.604826,2021-07-17 16:01:54,188,176.92,46.13
16,Bus,BMW,2.7233175,-37.674119,3.931349,-27.997389,2021-01-10 14:04:28,16,43.14,6.71
17,Bicycle,Mercedes,11.6092755,-11.274339,53.417839,-97.5669,2021-08-09 06:01:48,246,94.82,0.0
18,Truck,Toyota,-16.360818,175.543317,58.7527125,-165.209875,2022-09-10 16:51:09,259,174.63,15.25
19,Car,BMW,-5.691955,58.877215,-27.5035575,15.296185,2020-04-30 15:01:34,75,118.16,18.78
20,Bus,Trek,39.3862695,-4.868423,20.8604485,-21.634791,2021-06-21 18:10:14,39,52.05,4.67
21,Car,BMW,-48.2001425,-75.801522,20.031215,-111.633969,2020-10-30 15:12:47,101,105.44,7.95
22,Bicycle,Honda,-0.4536805,6.343266,27.207412,-61.308031,2021-04-28 05:46:46,141,69.89,0.0
23,Motorcycle,Mercedes,22.070406,10.962135,53.88732,-150.978501,2021-09-06 17:12:33,83,160.12,45.3
24,Motorcycle,Kawasaki,18.20474,114.462622,-43.1494315,16.445589,2020-06-21 22:36:31,107,73.24,13.24
25,Bicycle,Kawasaki,-55.26521,171.873477,65.448172,104.75932,2022-06-21 23:31:57,201,143.94,0.0
26,Car,BMW,-58.295206,71.362165,10.4637265,-20.427563,2021-05-18 11:17:12,152,33.2,9.07
27,Motorcycle,Toyota,-61.902296,11.181108,-79.8894155,105.507281,2021-05-05 09:23:27,47,199.44,15.39
28,Bicycle,Toyota,-69.9596625,0.505555,-57.827269,-47.513478,2022-12-30 04:38:32,41,152.26,0.0
29,Motorcycle,Trek,-82.039066,16.473722,-5.137411,-128.460254,2021-12-31 12:15:37,193,158.78,20.92
30,Car,Mercedes,-9.9125485,-87.498765,87.9613545,-99.619125,2021-08-11 09:46:51,163,84.01,10.14
31,Bicycle,Yamaha,22.5603205,151.797388,-70.6387875,65.39415,2021-04-02 10:38:02,153,141.97,0.0
32,Truck,Toyota,-65.2337595,119.818979,71.125827,-18.147945,2023-01-30 20:28:06,259,124.62,16.27
33,Truck,BMW,68.093913,-36.327476,-0.593163,-77.5151,2021-08-23 18:23:01,228,17.47,4.75
34,Bus,Trek,-19.879545,-174.656457,-16.655713,-29.159457,2021-08-31 23:44:31,170,66.01,6.38
35,Truck,Toyota,11.7383665,127.911495,35.028243,-70.140974,2021-11-20 15:02:39,178,135.71,11.32
36,Car,Kawasaki,-56.6465845,93.722037,11.2555555,-10.958616,2022-05-22 07:45:44,92,71.91,15.92
37,Truck,Mercedes,-31.9531565,-51.254551,55.9776155,-35.533014,2021-07-15 21:22:42,145,83.67,6.53
38,Bus,Yamaha,83.916385,-118.516936,-23.78793,-61.382045,2021-05-04 13:03:58,289,154.28,29.42
39,Bicycle,BMW,28.981256,91.645213,-52.6082675,93.476144,2021-06-29 10:07:44,209,136.82,0.0
40,Truck,Kawasaki,-34.7037995,82.553986,0.639713,-134.496052,2022-08-09 19:30:00,184,50.45,7.51
41,Bicycle,Toyota,35.673159,-32.822765,-88.3140515,105.090818,2022-10-17 01:41:49,209,33.08,0.0
42,Bicycle,Mercedes,60.5116445,117.094029,8.385844,103.278768,2021-02-16 01:53:21,77,130.94,0.0
43,Truck,Toyota,-50.1929885,125.712626,35.312655,-140.987377,2020-11-13 15:21:40,249,158.78,11.88
44,Motorcycle,Kawasaki,81.423402,114.991301,-29.7916895,37.260633,2020-08-30 04:51:51,250,178.29,19.48
45,Motorcycle,Yamaha,41.450559,-66.240772,45.3830345,6.087618,2022-05-11 01:10:28,198,72.62,6.47
46,Bicycle,Honda,-24.7889855,22.527325,31.1757075,-90.28801,2020-04-12 04:26:58,50,56.25,0.0
47,Motorcycle,Toyota,-74.870653,-103.929711,-50.255438,59.242756,2023-05-24 22:29:47,298,143.04,28.09
48,Bicycle,BMW,-43.776233,-121.977684,-77.6877265,83.041758,2021-12-01 03:10:45,125,189.67,0.0
49,Car,BMW,25.77372,-54.341168,73.287653,-79.407721,2022-06-14 13:53:30,186,185.37,22.65
50,Car,Trek,23.9136885,-100.673283,-38.393131,-25.938154,2023-09-17 17:28:30,133,99.4,10.28
51,Truck,Kawasaki,89.686285,8.005899,-63.5630445,177.696052,2023-09-05 03:40:44,116,121.67,34.54
52,Bus,Mercedes,4.5458555,45.862067,-9.717472,-50.535121,2022-04-03 03:05:48,159,172.07,14.88
53,Bicycle,Mercedes,8.1468215,6.032305,-52.0437325,-26.700551,2022-06-14 17:12:58,279,181.41,0.0
54,Truck,Kawasaki,-88.371917,-145.655405,-22.110209,-81.488759,2021-03-23 00:55:17,91,24.49,1.89
55,Motorcycle,Honda,81.05459,84.917691,-78.3838785,-132.675998,2022-07-29 07:15:05,94,16.84,2.5
56,Truck,Tesla,-55.9895775,116.160101,56.350092,-19.587589,2022-10-12 00:50:21,296,93.3,9.01
57,Bus,Mercedes,43.6639225,73.946468,20.4934225,172.203336,2020-07-27 06:41:09,172,157.18,40.34
58,Bus,Toyota,-24.504206,118.985966,61.1321185,65.200633,2023-06-01 15:40:02,285,42.04,11.34
59,Bus,Toyota,-5.6962825,83.563538,-84.2063725,20.346916,2022-04-28 05:29:02,287,17.36,4.73
60,Truck,Toyota,59.0237865,-75.658553,-88.3467745,-76.930046,2020-04-03 10:06:11,161,79.06,16.5
61,Bus,Mercedes,55.8345375,1.855064,-2.3824425,-66.452486,2022-01-19 17:01:44,292,159.11,18.95
62,Car,Toyota,4.566396,-62.845676,1.688473,58.919857,2021-02-22 03:56:14,204,72.4,4.4
63,Motorcycle,Trek,37.5337935,-23.900819,67.8608395,147.534442,2022-03-16 14:31:21,263,46.69,8.92
64,Bus,Mercedes,73.5824295,-136.011749,17.7075635,152.500994,2022-03-29 19:58:17,244,174.06,47.58
65,Truck,Toyota,65.730774,-61.492415,27.275279,140.249515,2021-10-23 00:53:41,278,94.98,6.5
66,Car,Yamaha,-69.4854835,156.99124,-0.748134,159.558619,2020-06-21 04:24:30,93,195.04,43.02
67,Truck,Tesla,14.2614385,-152.162009,-38.1493085,21.538535,2023-05-28 08:41:32,43,166.34,26.76
68,Car,Kawasaki,-33.4243105,-8.993524,75.694182,115.319656,2021-10-25 20:15:45,261,62.65,12.35
69,Truck,Honda,68.825352,-15.566203,45.324207,19.89095,2023-06-11 13:32:41,155,75.67,13.32
70,Motorcycle,Yamaha,-58.5553325,-74.726886,12.319107,-72.779808,2020-10-25 08:30:19,171,99.19,5.21
71,Car,Trek,-6.5928705,-9.562922,29.0393365,-131.526187,2021-06-22 19:00:39,43,102.92,21.85
72,Car,Honda,17.7296935,-90.557228,10.1080615,21.823133,2020-08-02 05:59:25,192,38.98,6.64
73,Car,Toyota,6.846757,20.039881,-1.0550835,-175.674519,2021-09-10 10:05:52,275,77.35,17.53
74,Car,Mercedes,11.5325085,-47.384274,-9.329547,35.01609,2021-11-25 15:50:35,53,62.75,8.38
75,Motorcycle,BMW,22.538946,-125.199726,88.9368715,144.357489,2021-03-16 21:13:05,23,22.37,5.76
76,Bus,BMW,-35.202481,67.865305,-70.9962315,-11.892575,2023-05-15 08:19:00,291,81.88,15.75
77,Bus,Yamaha,-47.9817295,-16.73768,-34.751574,-18.668001,2021-10-05 00:16:27,277,58.33,10.16
78,Motorcycle,Honda,10.302997,166.652382,-4.07856,-68.640613,2020-04-20 16:57:08,33,15.48,1.93
79,Truck,Honda,31.525879,168.826885,17.973073,-167.127316,2020-10-07 16:14:27,225,160.26,20.93
80,Truck,Kawasaki,59.3180435,-129.662018,25.1153665,125.406617,2021-06-03 23:12:35,141,42.65,11.4
81,Motorcycle,Mercedes,-24.6482475,-118.653433,-64.4507535,-120.028063,2021-12-28 17:57:08,134,60.34,5.57
82,Motorcycle,Kawasaki,-53.8128905,166.438856,80.5192895,-101.331065,2022-10-26 09:57:13,245,74.62,9.37
83,Bus,BMW,-78.8594395,134.558762,31.3023045,-29.154962,2023-04-17 23:35:20,89,131.23,38.21
84,Truck,Honda,72.9901805,-21.500342,36.228637,-156.549123,2021-05-30 14:20:13,95,153.46,14.68
85,Bicycle,Kawasaki,-73.335426,-90.95766,-75.2223495,-38.286556,2023-07-05 13:28:46,223,172.73,0.0
86,Bus,Mercedes,-62.8439745,69.14179,70.965783,21.693602,2023-03-27 18:15:02,171,122.84,17.22
87,Bicycle,Toyota,56.5340295,24.49931,13.23536,-98.747439,2020-11-06 21:08:56,235,128.24,0.0
88,Bicycle,Toyota,51.778242,60.029804,41.519703,113.124446,2022-11-08 21:23:53,16,25.24,0.0
89,Truck,Toyota,-28.2334635,160.125679,43.9659575,67.70839,2021-10-29 11:10:58,155,103.77,30.49
90,Bus,Trek,43.8056615,41.465694,6.1660465,-70.063533,2022-11-22 12:21:09,46,183.48,32.92
91,Car,Yamaha,-5.484598,109.030314,-14.9870265,144.266283,2020-03-27 14:55:03,46,125.11,22.98
92,Bus,Tesla,-36.674017,-22.055978,84.6271645,-47.312962,2022-09-13 01:21:15,113,155.42,20.97
93,Bicycle,Trek,-66.227814,-57.778448,-47.4342895,-104.366893,2022-04-08 08:34:47,15,13.38,0.0
94,Motorcycle,Yamaha,48.8183235,74.129928,-76.566726,51.643897,2020-05-15 10:14:58,170,82.75,4.52
95,Bicycle,Yamaha,-7.774361,-9.744734,15.093766,-26.45314,2020-04-20 23:28:52,113,115.87,0.0
96,Motorcycle,BMW,-9.2825745,-151.368268,33.6990675,36.279523,2020-06-23 19:31:35,224,85.79,16.12
97,Bus,Toyota,-40.535941,-110.951695,7.771427,-14.671747,2022-07-21 20:08:10,240,4.74,0.88
98,Truck,Tesla,-59.491053,57.801983,10.718988,-178.700668,2022-02-10 03:46:15,169,130.59,33.96
99,Motorcycle,Honda,-12.8541025,137.167453,6.0456415,116.944529,2022-05-17 03:03:49,216,161.77,18.46
100,Bicycle,Tesla,9.7443525,-141.681015,26.980198,-125.929017,2021-08-19 10:45:26,245,163.66,0.0
101,Bicycle,Mercedes,86.369398,145.111504,-72.679635,138.235678,2023-02-12 18:08:43,42,18.23,0.0
102,Motorcycle,Toyota,-62.3869005,108.933319,-78.9616405,56.430681,2022-10-06 17:30:53,221,48.14,12.11
103,Truck,Toyota,64.405793,172.815553,25.4983485,-107.168751,2021-01-26 20:25:30,263,129.75,28.17
104,Bicycle,Trek,64.9967175,100.46958,-1.2806825,-133.991503,2021-02-14 23:06:54,213,174.78,0.0
105,Car,Yamaha,-11.115677,-171.793532,32.982224,126.784746,2021-03-27 19:32:18,229,137.48,8.75
106,Car,Toyota,-20.4951465,-74.813247,57.948982,-1.002995,2023-05-28 21:34:02,73,51.34,8.85
107,Truck,Honda,-76.993318,-6.0826,-25.4167285,108.429746,2020-10-13 04:24:40,73,136.22,36.84
108,Car,Trek,53.565025,-92.711103,-63.4631955,147.374146,2021-08-19 04:15:00,30,175.9,41.17
109,Bus,Trek,25.8184135,62.05407,28.37694,-110.745352,2020-05-15 00:20:59,171,144.26,20.25
110,Motorcycle,Yamaha,-37.9898275,96.973308,59.787953,-88.763516,2022-07-16 07:47:58,232,120.6,31.77
111,Motorcycle,Honda,6.893483,-153.518484,43.2909805,60.088278,2021-12-24 07:58:48,130,92.23,19.6
112,Motorcycle,BMW,23.8328575,25.749707,40.1822845,20.151808,2020-09-05 04:05:49,69,6.44,0.98
113,Motorcycle,Honda,56.4242155,-97.499382,2.5603925,-136.846761,2023-06-26 15:45:44,255,139.8,11.62
114,Motorcycle,Kawasaki,72.6333595,-67.905858,79.2818485,-87.156794,2020-12-21 08:50:41,218,22.74,6.76
115,Motorcycle,Honda,80.314555,-150.065009,52.750366,107.399898,2023-07-19 23:46:40,260,54.77,10.31
116,Truck,Kawasaki,-62.2991705,-49.833736,-10.2151285,-78.06853,2021-06-03 23:40:49,216,140.48,19.84
117,Bicycle,Kawasaki,-58.5469645,-84.359795,-15.665349,-129.853731,2023-04-20 20:55:33,140,90.78,0.0
118,Truck,Tesla,-64.306153,72.000312,-44.629954,153.351526,2023-01-13 19:31:34,134,155.89,37.34
119,Bus,BMW,-80.2240325,-9.944106,74.614911,-66.567845,2020-09-28 02:01:32,25,182.67,21.7
120,Truck,Tesla,42.0587075,-27.511127,-41.127965,-70.440237,2023-08-21 02:11:03,88,97.79,20.63
121,Motorcycle,Trek,-21.534143,-155.772688,-46.7587135,133.517693,2023-08-19 15:13:19,162,10.65,0.89
122,Bicycle,Kawasaki,-54.742843,68.77369,45.8184245,148.432738,2023-05-14 04:43:45,78,37.25,0.0
123,Car,BMW,26.224965,22.740661,-49.4603695,-84.512692,2023-08-05 03:06:39,248,174.87,24.42
124,Bicycle,Mercedes,-55.5943645,87.396418,-4.8027215,-65.45718,2021-08-19 02:48:02,217,122.59,0.0
125,Motorcycle,Tesla,-18.1846455,-176.600514,-31.1034355,117.316808,2021-02-21 11:30:07,131,25.17,3.08
126,Car,Honda,-36.454657,33.019897,17.312331,-47.403732,2023-07-13 19:55:09,231,104.95,7.2
127,Bicycle,Mercedes,11.372442,-64.737682,73.6971365,-106.788312,2020-10-22 22:16:25,100,18.7,0.0
128,Car,Yamaha,-1.655007,-88.372084,-78.788028,42.217027,2021-09-25 15:00:33,90,47.83,7.92
129,Motorcycle,Honda,-71.5100705,120.00081,38.8966165,-38.07565,2021-10-26 22:05:53,105,103.34,13.86
130,Bus,Mercedes,75.4651075,151.009364,-6.0794855,62.31718,2022-05-12 14:59:47,32,115.83,23.01
131,Bicycle,Mercedes,-39.4741805,150.818669,-25.1610505,105.054853,2020-10-31 19:29:57,99,124.37,0.0
132,Motorcycle,Yamaha,46.9691595,-126.276195,-66.2781365,-58.851723,2022-04-20 00:10:45,51,178.51,21.81
133,Motorcycle,Honda,35.613539,-116.70325,-31.9816925,-43.502133,2021-01-17 12:03:46,258,114.47,20.05
134,Bus,Mercedes,-83.7565915,57.143628,-43.141396,-43.533173,2020-02-08 12:04:29,266,25.86,1.71
135,Bus,BMW,-54.3886395,-2.126727,49.029551,63.433436,2021-10-04 17:20:03,92,86.87,12.27
136,Motorcycle,Trek,-61.55148,-125.792957,70.348076,-148.154396,2020-08-26 01:28:12,247,166.47,49.2
137,Bicycle,Yamaha,-58.2605725,141.53133,-3.497436,-20.870492,2023-03-14 16:57:58,124,137.83,0.0
138,Bus,Honda,85.0652395,-155.460873,39.236505,116.86258,2023-03-07 03:27:35,221,137.81,36.99
139,Truck,Yamaha,-57.297761,153.189652,46.9548145,-124.676748,2020-06-10 03:37:59,45,1.74,0.26
140,Motorcycle,BMW,52.0088415,35.851565,-52.9485355,-15.716455,2020-04-25 23:50:52,253,186.83,23.73
141,Motorcycle,Mercedes,-17.9141025,105.984402,-49.447677,-14.28217,2022-11-22 12:00:45,135,140.1,31.86
142,Motorcycle,Trek,45.2580095,-62.604154,-81.878074,80.707579,2020-02-11 03:13:34,44,173.78,49.72
143,Bus,Tesla,-23.101864,-149.585359,-63.082063,18.542956,2020-04-17 18:23:26,204,72.03,19.98
144,Bicycle,Tesla,-44.1398345,19.585347,64.456598,96.946469,2020-09-12 02:32:48,249,129.9,0.0
145,Car,Tesla,-72.3574125,-56.751202,-53.433605,-140.842566,2022-12-20 21:54:10,110,107.18,18.33
146,Car,Trek,-58.729965,-159.115022,-31.013436,-70.304049,2021-01-22 08:48:54,45,134.55,20.67
147,Truck,Toyota,20.195529,130.324152,-12.0090945,84.3664,2020-08-29 09:44:10,155,40.21,11.44
148,Bus,Yamaha,-6.8096475,-90.805684,46.37524,37.55914,2022-09-15 05:00:50,122,195.03,32.35
149,Car,Honda,60.0972805,-103.726248,16.790585,-45.018552,2021-07-09 19:10:42,190,5.86,0.37
150,Motorcycle,Yamaha,-16.448553,-78.768254,21.673561,26.531173,2021-06-27 01:53:38,21,119.55,12.5
151,Car,Tesla,-60.564847,-177.102232,1.971143,-74.454924,2023-08-19 23:56:00,127,40.08,2.01
152,Truck,BMW,-71.0622165,-123.686162,79.193277,0.384277,2020-07-26 18:00:49,63,183.14,28.98
153,Bicycle,Trek,-26.586509,-112.631842,30.4316585,111.954395,2020-05-31 20:48:59,222,175.29,0.0
154,Motorcycle,Kawasaki,31.6741885,49.025226,-43.587959,-11.462853,2021-12-26 12:00:16,10,170.65,50.29
155,Bicycle,BMW,-50.7952535,104.250249,17.367146,-31.162337,2023-08-15 04:28:41,208,107.95,0.0
156,Car,Honda,-54.91044,-58.925681,46.458343,103.705168,2020-01-09 20:10:21,42,114.15,30.05
157,Truck,Tesla,-48.0958815,77.628194,-26.4861695,-151.325101,2021-02-13 18:36:44,155,11.9,1.56
158,Bicycle,Tesla,-85.8289195,81.547965,77.2606215,165.934744,2020-01-11 17:06:11,135,45.0,0.0
159,Car,Honda,23.9703925,-8.502405,87.347152,-126.317898,2020-07-21 03:02:23,32,47.35,7.17
160,Car,BMW,62.2197335,32.62325,-39.1758825,-77.699353,2020-12-10 12:16:36,218,186.74,10.91
161,Truck,BMW,-56.770427,138.341153,-57.257325,44.862745,2021-02-27 09:21:32,264,150.14,9.61
162,Bus,BMW,-25.443294,-94.306516,-7.814635,175.783018,2023-03-14 18:07:16,135,170.34,40.08
163,Motorcycle,Kawasaki,66.773183,-114.642027,-0.043993,94.959286,2022-12-10 15:10:11,34,137.58,21.81
164,Bicycle,Toyota,9.792928,5.21787,63.5643205,153.268507,2022-08-01 02:31:17,293,74.39,0.0
165,Truck,BMW,53.042636,-87.764862,-62.8593825,51.286067,2022-03-12 23:44:50,198,27.24,6.11
166,Car,Kawasaki,46.502118,125.846432,76.147736,-11.897638,2022-12-14 01:56:19,297,168.2,10.26
167,Motorcycle,BMW,80.0488815,83.467616,-73.14079,-106.206721,2021-04-27 01:41:12,200,17.28,3.94
168,Truck,Mercedes,30.953194,-135.378455,-49.3016945,51.687036,2022-07-08 09:22:43,67,28.93,5.63
169,Truck,Toyota,39.676064,151.466674,51.795978,-61.723948,2021-01-10 12:19:28,262,185.61,15.49
170,Truck,Honda,68.1650235,-15.974955,7.241811,34.034154,2020-08-16 21:27:37,137,104.7,22.75
171,Car,Tesla,-43.012222,-118.031649,-22.004372,-178.592897,2021-06-29 09:00:38,88,93.95,27.2
172,Motorcycle,Tesla,-66.1693955,-138.178523,22.719772,-96.872064,2020-02-06 05:20:41,35,64.44,16.24
173,Bicycle,Mercedes,89.552776,-16.62274,73.347174,-14.369503,2022-08-10 03:07:35,126,92.27,0.0
174,Bicycle,Honda,-58.7373565,-2.712727,56.7523905,3.736644,2022-06-15 15:34:16,294,88.07,0.0
175,Car,Honda,55.3756235,11.96301,-82.807132,-107.126119,2020-01-10 07:58:17,241,170.9,28.76
176,Bicycle,Mercedes,-10.2334875,162.11184,-74.6664585,61.385455,2022-06-06 10:30:31,140,123.7,0.0
177,Motorcycle,Trek,-50.285132,-18.804093,15.546163,-86.243442,2022-08-15 16:09:13,247,71.49,12.5
178,Bus,Honda,-2.0622755,-145.414197,51.272921,-30.291128,2022-02-11 12:35:35,285,35.67,3.01
179,Bicycle,BMW,85.785065,-99.919472,-88.839127,-114.529028,2022-12-02 15:46:58,126,153.86,0.0
180,Car,Toyota,67.782922,-48.800448,-77.9939635,-47.752877,2023-01-06 00:51:21,281,34.47,4.62
181,Motorcycle,Toyota,-24.8388925,-108.339263,76.5564845,44.854712,2020-12-14 19:16:09,132,40.24,9.53
182,Motorcycle,Toyota,19.8490345,-152.69083,28.046564,-80.377746,2021-10-07 06:08:40,182,41.94,9.28
183,Car,Trek,-86.939304,172.203823,-82.516388,-99.53807,2022-10-08 21:55:31,204,8.56,0.95
184,Truck,Honda,-11.580251,126.315313,-50.9490465,42.543422,2022-02-27 21:03:07,252,85.07,23.22
185,Bus,Kawasaki,0.100553,-8.021682,36.8033825,6.891251,2023-04-29 19:31:15,297,115.84,20.68
186,Car,Trek,-85.038123,78.176885,-32.121649,-155.288253,2021-05-28 07:21:06,244,142.77,25.58
187,Car,Kawasaki,24.679639,82.0101,-16.534411,-173.268628,2022-12-20 04:34:33,15,79.54,7.03
188,Bicycle,Toyota,79.4893105,73.083274,-41.15788,-130.753836,2022-11-18 14:51:01,50,39.99,0.0
189,Bus,Toyota,25.302817,-134.525076,23.0216445,-133.840969,2021-04-20 04:38:55,32,31.1,8.13
190,Truck,Tesla,-11.2292035,72.853466,-73.701098,31.395865,2020-04-19 18:46:51,174,152.41,15.98
191,Bus,Tesla,-87.541035,-2.622128,-56.4930495,17.635553,2021-02-23 04:30:50,294,199.47,14.52
192,Car,Toyota,74.263185,-29.203377,-25.5818825,83.850848,2021-02-08 09:09:09,239,60.83,15.14
193,Car,Toyota,-20.581494,146.958107,64.1731555,72.196127,2022-01-02 14:05:48,9,7.22,0.93
194,Truck,Yamaha,19.5476445,-127.408004,28.4773255,175.942193,2021-08-22 13:32:50,174,162.7,22.1
195,Motorcycle,Yamaha,34.1413345,111.447508,-87.196941,-47.103326,2020-02-28 19:00:17,21,100.32,25.92
196,Car,Trek,-34.799808,-16.058916,76.6245335,164.478104,2021-02-06 08:40:46,300,138.56,18.89
197,Motorcycle,Tesla,40.135308,175.923829,-40.0783455,129.248867,2023-08-15 15:41:09,219,83.3,16.25
198,Bicycle,Tesla,36.5490755,-122.922759,72.88119,15.355595,2020-07-13 02:57:18,65,106.66,0.0
199,Car,Toyota,61.257838,-164.441053,-75.0427205,168.2829,2022-06-03 21:56:57,238,19.33,2.24
200,Motorcycle,Tesla,-74.055042,-96.880269,-53.923401,-146.164,2021-12-24 03:13:37,134,27.19,6.87
201,Bicycle,Honda,58.126962,175.585507,-78.1860305,63.69533,2023-07-29 10:08:21,260,104.5,0.0
202,Motorcycle,Trek,73.3172935,-70.43895,64.5622765,81.215504,2020-11-07 07:19:00,31,185.59,23.22
203,Truck,Trek,50.962218,-95.176107,-21.8478205,101.722123,2020-09-30 06:05:51,207,94.64,25.66
204,Truck,Honda,-76.1838795,-74.665109,61.527029,-168.125346,2020-05-10 23:27:12,211,78.8,9.71
205,Car,Kawasaki,76.100571,-16.929205,-60.4527085,-36.837153,2021-01-02 11:28:19,64,121.77,17.94
206,Car,Yamaha,39.758934,58.390503,-26.6494405,137.307527,2021-09-16 16:43:06,189,123.46,34.86
207,Bus,Mercedes,47.6394075,71.083597,-72.3392265,-112.721553,2023-07-26 02:52:53,127,139.47,23.2
208,Bus,Yamaha,-48.71555,155.270037,-36.5478865,-114.426494,2020-08-04 10:36:49,121,41.44,4.28
209,Bus,Kawasaki,2.787088,-90.719001,-72.503887,161.938599,2022-10-11 14:59:13,188,16.82,3.11
210,Car,Honda,29.724669,-40.450741,-37.5150345,-88.493743,2020-08-31 05:44:52,233,143.91,18.94
211,Bus,Mercedes,-77.7905995,4.266487,0.7144095,-104.509847,2020-11-24 21:17:47,226,82.89,15.69
212,Bus,Toyota,-58.0949735,-122.85552,-85.362791,179.427288,2021-11-19 09:02:54,201,90.21,25.77
213,Truck,Kawasaki,89.643831,116.344675,80.647013,-165.232589,2021-12-28 18:15:23,173,180.0,45.19
214,Bus,Mercedes,-46.0009225,36.442276,-7.9507895,73.595859,2020-09-02 19:03:40,41,83.39,13.57
215,Motorcycle,Honda,-24.6141315,-156.880682,23.5565465,-152.35585,2023-01-22 04:21:06,15,146.82,10.42
216,Motorcycle,Kawasaki,-20.473241,-12.517195,54.7200295,-108.367125,2022-01-26 14:06:49,300,130.38,38.89
217,Motorcycle,Trek,-35.882684,-3.327101,46.3837505,-152.522951,2023-09-16 18:38:24,164,46.25,3.02
218,Bicycle,Yamaha,-33.4806555,51.982108,58.3176615,77.548501,2021-11-20 23:11:24,248,109.93,0.0
219,Motorcycle,Tesla,8.955959,-95.42007,-89.111415,61.51221,2022-01-05 03:44:51,9,159.51,31.98
220,Car,Tesla,-74.243384,-125.228988,55.892226,104.71359,2021-09-11 21:27:29,257,55.75,5.16
221,Bicycle,Mercedes,82.274763,-59.165196,41.907711,137.750246,2020-02-07 15:44:14,292,65.46,0.0
222,Truck,BMW,70.4468455,-125.120538,-38.2211915,-2.439352,2022-04-10 12:32:41,266,42.56,9.99
223,Bicycle,Tesla,30.28357,166.637998,36.189846,-38.941751,2023-09-09 05:48:04,214,181.84,0.0
224,Motorcycle,Trek,50.7185475,5.094027,-74.638886,32.983663,2021-09-27 05:30:14,64,7.0,0.97
225,Car,Toyota,52.07531,-69.218795,-36.281626,83.472536,2021-11-27 11:14:30,36,186.04,41.11
226,Bus,Toyota,65.146706,12.12556,1.63771,-143.692183,2023-05-04 20:13:16,241,20.4,4.5
227,Truck,Trek,83.015056,-124.782158,0.453841,-130.095626,2022-02-17 11:40:08,215,151.03,36.96
228,Bicycle,Honda,58.6023285,-12.018404,15.9430905,-162.299238,2023-02-04 09:55:11,45,83.41,0.0
229,Bicycle,Kawasaki,49.6720855,-127.68653,-57.6643755,101.814326,2023-08-26 05:31:57,73,3.78,0.0
230,Truck,Honda,-15.299383,11.054951,-20.606137,128.371722,2023-09-21 00:16:06,275,1.18,0.34
231,Bus,Kawasaki,-3.48501,7.83855,4.912269,-74.040321,2021-12-19 17:52:12,267,81.95,10.31
232,Car,Kawasaki,3.86188,-143.77469,78.1147725,80.668219,2020-06-02 22:54:07,263,164.05,20.39
233,Truck,Kawasaki,37.079346,-123.922499,-30.3420755,-63.691455,2020-09-30 03:29:17,256,112.31,28.82
234,Truck,Yamaha,81.450759,-98.828388,-66.1720815,-89.320134,2023-07-29 18:15:34,36,193.39,41.18
235,Motorcycle,Yamaha,81.0833785,-76.236706,-18.1525945,128.267246,2022-06-02 08:53:23,128,54.83,11.94
236,Car,Yamaha,87.0118785,-158.519185,44.6463495,-91.379222,2020-06-17 22:35:11,30,93.43,10.62
237,Truck,Tesla,-24.038042,-110.488169,6.4521875,1.996569,2023-08-27 13:01:10,137,177.23,9.27
238,Motorcycle,Honda,60.826253,37.808413,-1.255932,38.847774,2022-07-07 01:41:55,114,166.01,48.17
239,Bicycle,BMW,-28.832355,113.771012,20.8622495,148.229018,2021-11-09 19:27:47,139,124.0,0.0
240,Motorcycle,Yamaha,-78.2008375,57.67029,-64.0253705,-124.502685,2020-01-31 01:30:59,194,50.25,7.11
241,Motorcycle,Honda,22.212761,36.782493,-3.5315145,-20.763236,2020-08-16 07:27:22,131,172.02,37.82
242,Motorcycle,Kawasaki,-59.7995535,-26.431964,25.1443805,-11.897832,2021-01-02 20:15:09,134,61.59,11.21
243,Bus,Kawasaki,67.0100965,130.133887,15.4682795,129.616426,2020-11-21 09:44:59,214,5.83,0.79
244,Bus,Toyota,-54.985424,168.228547,-23.148088,-14.195695,2023-06-26 18:07:02,122,152.16,19.43
245,Motorcycle,BMW,-0.595424,13.335691,19.4059515,158.200807,2022-12-17 05:20:29,273,85.94,4.76
246,Car,Yamaha,-40.8490905,-28.236783,-12.1978055,13.109431,2021-04-10 00:31:50,127,23.18,6.69
247,Car,Trek,-24.5977795,93.632414,32.040626,-149.750529,2021-03-06 11:33:20,96,106.29,10.44
248,Bicycle,Yamaha,75.724025,-14.684737,2.2868925,61.102663,2022-12-18 11:06:17,58,141.69,0.0
249,Bus,Yamaha,82.3388695,17.316541,33.0637165,-45.758333,2020-07-29 12:26:23,285,48.12,9.21
250,Truck,Mercedes,42.8710995,-21.74308,-62.122281,-57.039016,2020-05-23 20:54:22,95,11.02,1.93
251,Truck,Yamaha,65.2563665,16.564068,40.121913,-2.285628,2020-11-16 23:52:33,234,20.6,2.45
252,Motorcycle,Tesla,-75.107535,7.69173,43.1505695,124.915816,2022-10-17 19:35:23,285,61.74,16.85
253,Bicycle,BMW,-66.710051,44.060269,19.564789,-165.370765,2021-01-19 21:34:42,282,93.29,0.0
254,Bicycle,Honda,77.196505,9.31372,-88.3255135,-1.108022,2023-01-04 18:09:36,163,120.75,0.0
255,Bus,Honda,72.9114985,2.901471,19.730392,17.935152,2022-10-17 16:59:32,151,84.98,4.94
256,Motorcycle,Toyota,78.6498465,-133.38059,89.321117,78.087901,2020-09-04 19:16:44,22,181.23,51.11
257,Bus,BMW,-73.540464,82.261908,45.8656205,-174.143306,2022-03-03 18:20:55,23,168.36,26.74
258,Truck,Toyota,-30.790617,-131.147721,-3.4049355,-72.387495,2023-03-28 22:33:46,234,159.41,14.02
259,Bus,Toyota,60.1596905,-27.386703,18.661525,131.214078,2023-08-30 08:49:37,65,48.28,4.52
260,Bus,BMW,-89.5611875,94.910783,38.475042,26.883993,2021-01-10 21:30:24,249,32.05,9.22
261,Motorcycle,Honda,73.8745965,34.743132,60.314639,-149.32852,2020-09-13 09:16:03,246,189.13,15.68
262,Motorcycle,BMW,33.7683405,-58.560424,31.7931845,-53.17917,2020-08-13 20:22:19,98,93.12,26.7
263,Car,Trek,-83.258951,93.576558,-52.153122,173.653226,2022-05-13 00:15:01,15,16.96,1.17
264,Car,Yamaha,86.5623855,-92.067931,51.259327,-46.74283,2022-04-15 12:03:54,6,46.77,5.5
265,Bicycle,Kawasaki,-88.573598,2.175227,-85.198102,30.229535,2020-09-24 17:03:52,72,124.5,0.0
266,Motorcycle,BMW,66.765265,-147.034104,16.123796,-50.357611,2022-10-09 20:54:45,300,94.26,6.39
267,Bus,BMW,-0.447507,-76.45815,8.3055965,173.920763,2020-10-26 13:59:06,62,132.36,37.82
268,Bicycle,Kawasaki,68.9856675,63.701693,59.941461,24.853516,2020-10-12 06:28:39,82,193.4,0.0
269,Car,Tesla,3.1752425,-115.52149,58.4203855,-90.332018,2023-06-24 14:57:31,33,128.99,22.55
270,Car,Yamaha,-26.648785,-169.673015,-24.082759,28.673877,2020-10-03 23:56:04,257,41.46,3.01
271,Motorcycle,Tesla,83.060947,-121.885855,-85.93477,-64.775817,2020-03-18 18:03:49,60,27.25,5.17
272,Truck,Yamaha,-31.2228195,-40.628082,86.1218975,158.338813,2020-09-03 06:40:19,275,163.88,47.3
273,Motorcycle,Kawasaki,40.888115,159.647554,-0.0985095,-75.130403,2020-09-03 03:00:49,91,158.89,37.89
274,Car,Kawasaki,-33.4034785,139.035233,-79.1862185,105.606682,2023-08-28 01:25:22,190,161.84,22.6
275,Car,Tesla,-21.923631,-113.953153,70.7906975,-109.749981,2022-06-15 07:08:07,157,155.47,9.4
276,Bicycle,Kawasaki,55.43642,38.943792,-68.483349,19.327484,2020-05-15 13:02:42,38,85.73,0.0
277,Bus,Kawasaki,23.8706955,-24.49386,-27.926471,97.860478,2021-07-01 05:31:27,76,76.17,20.44
278,Motorcycle,Kawasaki,28.373449,64.681225,66.2462465,26.000447,2021-11-13 07:01:31,274,170.79,29.6
279,Bus,Honda,42.26414,15.932236,31.2185385,-38.56699,2021-01-16 23:58:55,234,62.51,11.87
280,Car,Kawasaki,47.188549,118.318623,-38.137405,53.638703,2022-09-28 09:32:22,122,108.35,31.5
281,Bus,BMW,-21.53226,-42.968864,-44.5873915,62.880644,2021-10-29 14:46:16,224,84.51,5.35
282,Motorcycle,Yamaha,70.367367,118.229255,2.243042,-75.883579,2022-09-06 15:06:19,54,111.48,18.66
283,Truck,Mercedes,15.3954415,-164.318177,18.0518235,-109.343424,2020-10-21 06:29:41,6,64.48,11.43
284,Truck,Toyota,-41.7122095,-174.011449,-35.894279,-116.846692,2020-03-18 09:11:13,242,17.46,4.81
285,Car,Yamaha,29.832336,-159.748741,67.6060445,-162.58482,2021-12-29 00:56:38,44,97.07,11.07
286,Bus,BMW,-11.727848,75.712546,7.1164145,-54.562528,2021-09-05 14:48:33,270,134.46,8.71
287,Motorcycle,Trek,25.3995635,-125.149028,-14.842934,-75.904441,2020-04-21 04:54:41,278,31.48,6.77
288,Bus,Mercedes,74.017662,-179.765835,-46.777184,112.915743,2022-08-02 06:23:57,28,136.72,18.02
289,Motorcycle,Honda,-82.020116,55.211283,36.403095,-47.808204,2021-01-03 09:58:48,54,66.71,15.39
290,Bus,Toyota,-54.2858215,-119.272937,-71.383751,145.49782,2020-10-02 03:42:18,284,151.39,24.86
291,Car,Yamaha,24.605362,-140.676974,-50.764676,138.129613,2020-07-09 03:55:53,201,181.39,19.13
292,Car,Honda,79.0596785,38.269162,-21.5884975,93.345399,2023-05-27 14:47:37,202,147.74,13.63
293,Bus,Trek,57.9146585,111.591492,-16.7104285,122.482532,2022-06-08 03:37:27,132,47.82,4.27
294,Motorcycle,Mercedes,27.5063555,146.415005,48.9697825,-147.055146,2021-09-20 00:27:46,76,196.17,30.55
295,Car,Honda,20.3101355,-55.472554,-29.7694015,-148.601907,2020-11-06 08:06:25,261,124.22,13.43
296,Bicycle,Mercedes,-7.2870435,-45.448431,37.9550255,-41.067921,2021-05-01 16:29:54,77,21.9,0.0
297,Truck,BMW,-0.422701,68.559441,44.08462,-22.545954,2021-10-02 13:00:52,28,146.66,28.32
298,Truck,BMW,29.524826,120.782637,82.910523,-46.259239,2020-08-19 17:40:46,286,144.95,11.94
299,Car,Honda,-79.943211,-46.016513,45.6500855,125.100017,2022-04-06 20:39:31,62,42.98,6.27
300,Bus,Trek,34.02294,-11.661016,-63.741665,-6.519738,2023-01-22 22:02:22,171,16.59,1.49
301,Motorcycle,Trek,78.4605835,-17.630651,21.4692575,-34.659452,2021-02-14 00:21:37,65,3.65,0.85
302,Bus,Mercedes,-55.072842,20.342022,75.5185795,151.406835,2022-02-06 01:04:25,211,114.12,15.48
303,Motorcycle,Trek,33.796526,134.446889,-20.7189025,164.220539,2023-05-08 16:17:06,234,56.34,3.04
304,Motorcycle,Trek,84.506564,168.016402,-21.377615,-133.96659,2021-08-04 13:18:56,234,191.36,47.06
305,Car,Kawasaki,-11.349945,-110.402128,36.363577,-104.953138,2022-08-23 11:51:10,167,5.98,0.42
306,Bicycle,Honda,-59.0597125,-52.859468,29.4271965,9.72262,2020-01-30 05:26:45,279,22.13,0.0
307,Motorcycle,Tesla,-80.090732,177.604851,43.3578275,-73.291117,2023-09-25 14:11:02,245,146.56,21.21
308,Bicycle,BMW,-27.8530695,151.731854,-56.5454835,127.337248,2021-11-16 04:41:06,284,4.64,0.0
309,Bus,Trek,-89.53129,-129.429592,-38.911601,-65.652406,2021-03-10 20:45:08,259,134.3,25.49
310,Bicycle,Honda,-59.880336,150.975411,-8.3519895,-142.300356,2021-03-10 02:44:51,296,5.38,0.0
311,Motorcycle,Mercedes,-70.9908255,-94.16629,-45.7495855,-170.309474,2022-01-26 18:00:49,19,94.97,16.85
312,Motorcycle,Yamaha,-34.5267705,83.163668,33.199425,-139.792858,2021-04-02 15:36:47,295,118.81,24.58
313,Bus,Kawasaki,-70.5010745,-145.921048,64.819344,-4.485111,2021-11-16 09:56:20,20,197.84,58.39
314,Bicycle,Toyota,1.041084,-140.463404,61.916165,105.876564,2023-01-06 08:52:03,234,6.59,0.0
315,Truck,Kawasaki,54.109619,-60.503182,61.6640615,-41.582389,2020-06-18 15:46:31,70,155.86,38.49
316,Truck,Tesla,6.0064435,133.177177,34.2135075,124.917437,2020-05-26 23:37:07,173,60.88,8.29
317,Truck,Trek,4.897827,-141.887195,-38.284785,-45.96466,2020-05-24 11:45:33,260,130.41,29.89
318,Bicycle,BMW,-51.0094025,9.937681,-37.193756,-27.545728,2020-07-07 21:32:15,107,44.15,0.0
319,Bicycle,Trek,48.4351595,158.458892,22.5137,-27.4405,2022-11-05 09:55:17,102,178.43,0.0
320,Bicycle,Yamaha,28.905925,112.944182,-23.3759095,11.743345,2023-03-22 12:40:55,210,157.65,0.0
321,Bicycle,Toyota,-1.656424,-151.891345,81.827383,-51.286894,2022-11-15 22:12:03,215,149.16,0.0
322,Bicycle,Toyota,-69.170952,163.18386,18.243341,-109.566839,2021-10-01 07:01:08,12,33.99,0.0
323,Motorcycle,Tesla,-32.983343,59.023286,42.552837,-101.458161,2023-04-12 10:31:52,276,31.03,5.19
324,Motorcycle,Trek,-12.488011,-35.868216,-40.9125035,-89.843229,2022-03-04 05:16:04,149,168.11,30.58
325,Bicycle,Trek,9.0695455,-94.038386,82.837933,-57.890255,2021-03-02 08:16:33,143,115.76,0.0
326,Motorcycle,BMW,-54.0703765,-117.127184,-14.0286715,46.550165,2020-03-25 10:22:21,114,96.35,19.23
327,Truck,BMW,-75.941944,82.65732,-77.374793,139.367315,2020-05-14 03:44:13,51,100.38,29.73
328,Truck,Toyota,14.479097,76.997943,48.876676,-156.820647,2021-05-06 18:38:11,160,165.89,20.86
329,Bicycle,Trek,-74.313436,-2.869182,-6.372681,-101.286673,2022-06-10 05:29:05,17,50.03,0.0
330,Car,Trek,82.0869875,104.53977,-38.223815,-24.777366,2021-05-29 14:29:09,91,35.67,6.22
331,Bicycle,Yamaha,-69.554656,-109.822604,79.3691975,-67.930315,2020-12-20 18:02:31,53,19.2,0.0
332,Car,BMW,65.194364,62.793351,-27.8187645,-127.031028,2020-03-24 00:54:27,278,140.03,29.49
333,Bicycle,BMW,-46.628611,-68.601138,8.1041315,106.743931,2021-09-01 22:08:14,137,60.95,0.0
334,Bus,Mercedes,9.9903255,-45.164465,-2.939431,-140.712488,2022-05-27 06:00:48,245,75.91,14.52
335,Bus,Honda,-11.5671355,154.876456,45.4241515,95.504422,2023-09-05 18:11:46,62,44.34,7.92
336,Bus,Trek,-15.3125355,4.522557,45.349903,107.581815,2022-06-18 06:37:51,185,7.61,1.88
337,Truck,Yamaha,57.1521385,42.991568,-41.049435,122.326056,2021-05-14 06:08:58,134,107.38,18.62
338,Motorcycle,Tesla,-39.3181085,-103.726975,-40.7020475,54.697358,2020-09-21 11:59:12,139,94.31,26.36
339,Motorcycle,Honda,80.451669,109.516026,18.30569,138.421889,2023-08-21 20:06:52,136,15.6,4.11
340,Truck,Mercedes,-61.9137515,19.840324,-7.850625,-106.414392,2023-03-12 07:36:51,264,82.07,23.97
341,Bus,Tesla,-50.4494145,6.102772,-22.6130075,-40.186339,2021-07-14 13:59:57,214,59.14,10.03
342,Bicycle,Tesla,43.688507,78.115634,32.444378,-40.356446,2022-06-22 07:11:08,175,41.85,0.0
343,Motorcycle,Honda,-36.0242995,-35.81682,-59.226066,-11.903517,2020-08-18 17:52:23,27,70.18,20.37
344,Truck,Toyota,-87.5552515,-37.258197,87.720618,72.650718,2022-10-19 12:48:53,88,110.08,18.16
345,Bicycle,Kawasaki,-85.657866,-129.070229,-56.7720485,59.234684,2023-09-28 02:02:49,219,188.86,0.0
346,Car,Honda,53.6894325,-26.008722,-64.0277455,90.620916,2021-05-04 03:57:12,178,152.27,21.6
347,Car,Trek,-19.823088,-120.698164,-76.242998,67.683167,2020-03-24 13:57:32,131,99.1,25.88
348,Truck,Honda,43.550909,5.49094,22.344168,-9.010882,2022-10-20 22:04:51,198,197.86,48.14
349,Truck,Toyota,-51.4701325,-19.08284,56.9012065,156.596067,2022-03-14 11:13:43,150,166.37,45.35
350,Bus,Kawasaki,-59.3275285,-105.50644,-48.1475955,-49.699491,2021-08-15 22:48:44,297,3.79,1.13
351,Motorcycle,Tesla,-30.248555,105.031935,-67.002516,-113.861789,2020-12-04 18:07:55,236,165.66,44.32
352,Motorcycle,Tesla,-73.4516885,59.742206,-38.649942,137.112295,2022-03-13 18:58:51,48,174.32,16.33
353,Bus,BMW,-18.505231,137.318913,69.8265335,173.975428,2022-07-02 01:11:03,188,88.82,8.38
354,Bus,Trek,-64.041388,-31.776819,-37.843823,106.905845,2023-02-14 19:11:40,26,199.47,33.13
355,Car,Yamaha,-61.399396,170.868142,-10.809668,-43.35889,2022-04-03 19:54:13,35,67.15,15.66
356,Motorcycle,Toyota,-32.569924,-144.904895,-40.574519,-22.043016,2021-02-09 13:15:32,82,49.58,6.28
357,Motorcycle,Honda,82.529231,6.413955,38.3237805,-135.713049,2020-05-18 14:35:35,26,173.32,19.26
358,Bicycle,BMW,32.376527,-64.010728,82.501255,-94.922049,2020-09-16 03:25:15,117,35.51,0.0
359,Motorcycle,Tesla,-51.3844955,42.847604,56.179705,-172.150084,2022-10-30 00:15:47,137,176.54,22.05
360,Bicycle,Yamaha,-56.2850555,-137.494144,-65.346821,-46.125596,2020-02-23 03:13:03,270,196.82,0.0
361,Bicycle,Tesla,-80.9448575,-148.222941,0.080126,105.899012,2021-07-04 20:07:50,230,37.11,0.0
362,Car,Tesla,1.7734585,-123.289245,-69.5456545,-146.842475,2021-04-02 15:11:50,93,71.11,4.16
363,Truck,Honda,63.649373,-69.216729,-73.425502,-41.406045,2020-06-17 02:40:28,83,19.04,4.08
364,Bicycle,Mercedes,-39.4349135,168.13805,-11.03471,-77.032405,2022-05-11 10:40:34,31,74.12,0.0
365,Bicycle,BMW,3.9296785,-126.780501,-87.1301865,-96.540533,2021-08-29 13:29:52,238,95.43,0.0
366,Bus,BMW,17.721078,113.453418,4.481036,-144.490472,2023-07-24 18:58:43,137,63.53,16.11
367,Bicycle,Trek,52.550304,-70.562932,49.1669765,-62.229611,2021-08-12 21:24:57,264,125.71,0.0
368,Truck,Tesla,-31.6310285,130.483643,-71.45729,-115.625527,2021-11-26 01:10:18,76,11.55,0.75
369,Car,Toyota,63.946032,-38.724941,52.0544315,15.579806,2020-12-25 05:19:51,14,33.21,9.4
370,Bus,Mercedes,70.976078,35.459652,-53.959188,26.003446,2023-08-16 12:55:54,222,101.95,5.17
371,Bus,Trek,-13.7038765,-123.145683,-87.22902,-133.524124,2021-07-25 14:51:42,259,143.89,32.94
372,Car,Tesla,-71.292435,64.348754,89.8927425,-51.832344,2022-06-29 18:45:57,69,156.06,20.5
373,Motorcycle,Kawasaki,-63.857501,-140.484458,-23.724072,139.732462,2023-01-03 07:25:19,255,23.42,6.59
374,Bicycle,Yamaha,-89.683103,95.912729,51.4809575,131.253776,2022-03-24 22:34:27,29,57.36,0.0
375,Truck,Yamaha,42.6889085,-163.431497,-11.3169635,5.376914,2023-08-02 15:28:39,68,139.55,39.87
376,Bicycle,Tesla,-2.7032595,166.360748,2.823797,-63.23575,2021-01-18 05:17:22,234,147.66,0.0
377,Car,Trek,-89.8260105,-91.544563,-24.5761765,131.367658,2020-07-10 04:58:37,259,27.71,3.71
378,Motorcycle,Mercedes,-18.920369,168.925964,18.1474885,82.639785,2022-08-17 16:43:42,227,34.12,6.78
379,Motorcycle,Honda,-48.081624,146.351787,69.289135,115.779044,2023-04-22 11:48:56,75,161.06,36.75
380,Truck,Tesla,2.8433725,151.319292,-12.1149635,-178.528201,2020-12-16 07:52:07,267,4.89,1.0
381,Truck,Toyota,-86.6004635,-167.689575,13.3363905,17.562041,2022-08-06 08:26:47,121,79.01,16.7
382,Bus,Tesla,76.994209,-103.238209,-54.4069305,-34.87375,2021-10-20 21:55:52,130,65.75,12.32
383,Truck,BMW,89.4393435,-95.173332,27.9798085,-125.86014,2021-10-21 23:41:16,243,133.76,28.02
384,Truck,Yamaha,-50.8567955,34.99526,24.285331,-169.966557,2020-04-14 16:14:00,295,11.1,2.73
385,Bus,Kawasaki,78.9240855,147.227605,82.8466295,-58.577021,2023-04-27 04:59:32,56,94.38,13.74
386,Bicycle,Yamaha,38.9799765,35.545057,-0.7108825,38.562598,2022-10-06 08:39:40,29,159.14,0.0
387,Motorcycle,Honda,-69.1305035,-110.391768,-16.0609085,159.174505,2022-12-17 07:29:04,41,153.04,31.74
388,Bus,Toyota,14.1913715,146.918442,-45.5594645,156.898708,2023-08-21 06:11:15,187,175.15,31.98
389,Truck,Toyota,-47.7511215,117.512941,59.3530775,176.085915,2020-11-23 04:08:58,180,12.47,2.26
390,Car,BMW,73.969575,162.17108,27.4243685,-142.583305,2020-04-16 07:25:30,228,26.57,7.95
391,Car,BMW,38.2292775,150.108948,-47.740759,0.405262,2021-11-04 05:18:55,241,120.44,15.15
392,Bicycle,Mercedes,-11.7789165,-137.471784,48.002491,-122.989948,2020-04-05 16:49:26,158,163.36,0.0
393,Motorcycle,Honda,74.51165,81.167504,-58.0558705,149.544975,2023-09-08 00:32:28,262,135.7,11.49
394,Bicycle,Honda,-87.361132,-81.163234,46.132003,-174.141258,2022-03-10 18:06:15,92,90.66,0.0
395,Car,Trek,78.5930205,25.519216,66.33685,34.297229,2021-12-01 09:40:31,257,93.0,9.99
396,Bus,Kawasaki,-25.7569005,159.795943,34.976478,-72.265749,2023-01-20 09:11:28,84,19.12,5.32
397,Car,Toyota,-25.193538,-132.660409,59.663413,36.534701,2022-10-12 07:25:51,18,41.31,8.04
398,Bus,Kawasaki,20.2850695,65.062366,-23.7818155,-123.689004,2020-01-15 23:54:03,7,180.45,42.57
399,Car,Trek,-55.465349,-23.669584,-40.329943,113.51987,2021-08-19 04:29:10,293,178.58,43.23
400,Car,Toyota,43.712961,-61.755294,-66.9917565,-58.777075,2023-01-27 02:09:59,52,15.19,0.88
401,Bus,Tesla,-58.40604,-29.073493,-82.092055,-132.863452,2021-02-11 15:24:04,173,166.88,46.02
402,Bicycle,Mercedes,20.988636,170.774897,-49.6182835,-72.399933,2022-05-12 11:54:57,133,97.28,0.0
403,Bicycle,Mercedes,-26.9983065,51.197693,-55.17187,-11.592784,2020-10-01 14:02:20,209,155.07,0.0
404,Car,Yamaha,-21.2839765,-167.26455,88.6269835,-77.415595,2020-09-12 17:17:40,132,162.68,39.8
405,Bicycle,Trek,-19.3914885,-22.191049,-87.844306,-101.426434,2020-11-19 16:05:16,115,115.6,0.0
406,Bicycle,BMW,-38.2036505,32.844229,-73.989422,-19.95368,2022-07-31 16:04:52,159,83.86,0.0
407,Bicycle,Yamaha,65.13925,-29.247732,-54.102303,34.123391,2023-02-16 12:38:20,25,82.71,0.0
408,Truck,Toyota,-65.3664775,153.112548,48.79333,25.423864,2021-12-21 14:42:03,41,84.78,8.51
409,Car,Yamaha,-34.917213,92.599337,43.7526875,-101.514461,2021-02-17 22:18:09,113,139.65,19.05
410,Bus,Honda,55.1889605,-66.451634,-73.990721,-98.527996,2020-01-13 00:10:23,176,154.9,12.82
411,Car,Kawasaki,-52.8005595,84.980612,-48.7272755,-12.652193,2022-04-16 12:32:06,139,167.55,21.47
412,Bus,BMW,52.0463755,94.073842,-1.642673,-69.900378,2020-08-01 20:16:40,296,108.83,22.2
413,Bicycle,Honda,-48.8017855,-20.700768,72.2476765,81.161875,2021-09-22 13:45:52,42,135.99,0.0
414,Truck,Mercedes,42.0218155,-9.326911,-44.477828,81.978954,2022-08-26 12:25:15,260,151.63,27.95
415,Motorcycle,Yamaha,63.1029945,-152.21016,-41.5193765,-132.963206,2023-09-07 06:35:03,84,89.13,5.36
416,Bicycle,Tesla,-17.4351,-139.408288,39.5566455,41.866142,2021-01-29 04:21:55,26,62.84,0.0
417,Truck,Yamaha,71.626211,-119.213932,35.386709,104.145667,2022-08-24 05:03:30,107,42.11,10.72
418,Motorcycle,Mercedes,-40.7300025,23.593799,-54.584129,21.799553,2020-03-20 18:09:46,240,197.56,20.46
419,Motorcycle,Tesla,-23.346045,-34.831363,40.446056,-122.996102,2022-01-25 23:31:17,104,112.8,26.62
420,Truck,Trek,-37.4674785,160.425871,14.004506,-120.917186,2021-05-12 03:27:52,132,162.22,21.48
421,Bus,Yamaha,47.846149,4.905162,-47.890733,-40.911985,2020-08-04 23:03:24,293,103.7,28.6
422,Car,Mercedes,-22.7161275,128.318918,-87.9605015,-27.430141,2021-12-15 20:14:57,279,148.51,18.59
423,Truck,BMW,-24.4407535,-89.362132,48.5737875,159.562221,2022-05-22 21:03:45,161,153.19,13.67
424,Bus,Mercedes,46.796993,51.138637,-17.885403,79.118741,2022-05-08 04:26:30,13,93.91,28.0
425,Motorcycle,BMW,-2.1176915,109.458171,-79.1907755,-93.620185,2021-03-06 01:31:16,250,199.0,26.92
426,Car,Trek,-49.322865,-81.848246,53.7446075,105.924618,2020-06-25 11:38:32,52,173.74,12.4
427,Bus,Tesla,-12.5675185,-117.623842,79.289471,-28.942178,2023-01-25 12:48:05,286,179.79,31.85
428,Car,Toyota,-72.4865265,-76.635924,19.9099215,-93.635466,2022-02-21 12:47:23,60,142.7,34.8
429,Bicycle,Honda,33.9186915,30.078018,-54.631316,132.108303,2021-11-26 13:23:57,256,34.8,0.0
430,Truck,BMW,62.0712795,177.111791,17.151856,-162.801769,2022-01-31 15:42:23,241,35.16,3.89
431,Car,Tesla,-25.514554,10.136551,-14.415801,-142.338494,2023-09-16 14:24:49,215,166.37,39.61
432,Bus,Mercedes,81.185901,-147.829243,-65.0868335,30.79173,2023-07-28 21:43:06,286,162.39,24.56
433,Truck,BMW,29.131152,-29.401527,-10.227486,150.221045,2022-07-20 20:46:19,289,105.13,22.67
434,Bicycle,BMW,40.2999135,-45.052802,76.154465,-117.203492,2022-11-07 21:48:10,89,144.3,0.0
435,Motorcycle,Kawasaki,-88.847331,106.948043,15.0801225,25.389858,2021-01-08 13:13:25,147,99.03,20.49
436,Truck,Mercedes,-11.161267,152.415242,73.533554,-86.979415,2020-10-18 21:21:51,74,59.85,14.45
437,Bus,Trek,-46.1351025,111.115589,15.4546835,-27.602713,2020-11-23 02:36:14,298,164.85,48.01
438,Car,Trek,17.104967,-19.609795,2.80083,-18.849986,2020-05-17 08:14:21,225,70.88,16.56
439,Motorcycle,Honda,54.0589865,47.565651,-29.81262,-44.695444,2020-04-12 16:42:54,141,190.37,10.02
440,Truck,Mercedes,-16.974655,87.06687,-58.045461,-154.118785,2021-03-10 03:34:19,171,7.42,1.39
441,Motorcycle,Tesla,65.5548725,-69.730551,-15.949855,-177.085963,2020-03-08 16:19:23,208,123.82,18.0
442,Bus,Honda,58.753545,160.996516,-86.859503,-51.862534,2020-05-10 19:34:47,29,130.24,31.01
443,Car,Yamaha,70.7326985,-96.593889,60.4903155,163.219746,2020-06-04 19:26:31,221,147.89,18.17
444,Car,Tesla,69.5147735,-82.673454,-61.89892,81.047269,2023-06-28 16:46:39,26,114.41,30.47
445,Motorcycle,Mercedes,-73.7072525,85.340816,22.2955695,-167.081702,2023-08-11 19:36:20,137,25.64,4.94
446,Bicycle,Mercedes,30.7853295,172.263688,35.813401,-153.379685,2021-05-14 00:13:54,267,34.41,0.0
447,Bus,Trek,-58.8799245,177.791057,10.0162515,-173.952992,2023-06-19 22:49:33,240,176.31,50.23
448,Car,Mercedes,2.7335835,91.344555,-68.840461,-170.853779,2021-09-06 03:49:48,29,116.98,17.57
449,Car,Trek,59.594669,-46.105043,82.9636765,71.710557,2023-06-16 21:16:23,85,61.12,12.1
450,Car,BMW,-28.1304025,-108.199442,-27.5981375,-112.545165,2022-07-12 23:25:58,106,157.41,36.24
451,Bus,Trek,52.772566,-82.136911,-35.5758495,66.809995,2022-09-15 16:29:48,14,134.72,38.17
452,Bus,BMW,68.4884275,43.002214,-40.602741,125.643431,2021-08-09 20:07:41,132,199.46,24.08
453,Truck,Mercedes,-12.4563445,77.432746,-22.207089,27.421095,2021-07-09 21:42:33,229,66.64,7.5
454,Car,Tesla,52.833491,111.546362,50.302009,114.327654,2020-10-16 19:34:56,272,120.96,21.26
455,Bicycle,Toyota,65.6299115,76.987103,35.138459,166.243001,2023-08-24 08:01:55,74,8.52,0.0
456,Car,Trek,81.809679,176.760203,54.615992,-30.5724,2020-09-13 21:23:54,95,128.64,27.18
457,Bus,Trek,26.3397355,98.942426,-73.272694,58.091111,2022-10-17 04:11:27,42,32.26,8.97
458,Bicycle,Kawasaki,0.4937975,-3.68999,81.5693755,104.614369,2022-09-25 04:53:57,283,110.46,0.0
459,Bicycle,BMW,27.7594105,105.194503,16.9479105,170.468108,2020-02-01 11:42:31,223,159.72,0.0
460,Truck,Yamaha,-50.332571,137.82188,-50.886888,150.236183,2020-05-02 17:07:37,39,156.05,45.74
461,Bus,Toyota,74.5034875,-82.331297,88.868187,-177.81621,2021-09-24 12:06:45,79,71.55,12.45
462,Motorcycle,BMW,0.0464315,-66.988903,-8.253336,74.610786,2021-05-25 18:42:24,57,31.36,9.08
463,Bus,Kawasaki,-73.6720675,95.959788,27.004756,-45.946441,2022-12-24 07:22:52,296,179.14,41.93
464,Motorcycle,Mercedes,-32.06985,117.028474,-78.9767075,-5.731855,2020-06-28 14:51:18,49,63.47,12.79
465,Truck,Toyota,43.9114395,-44.831463,59.126464,39.949224,2021-08-10 00:38:18,196,75.69,20.86
466,Motorcycle,Trek,-40.6281255,-75.278674,-87.604105,-53.458816,2021-05-11 22:32:18,51,130.01,9.6
467,Truck,Trek,75.8044435,100.257135,-12.324428,-90.527621,2021-09-05 00:20:07,98,53.95,12.55
468,Bus,Honda,-56.976763,-66.05265,-56.330869,155.636018,2022-08-28 18:27:17,50,154.64,32.73
469,Bus,Honda,71.7569675,133.943223,48.5674915,-96.046806,2021-04-12 17:03:52,81,182.15,22.99
470,Car,Trek,-51.931938,-107.756378,46.3702305,78.349952,2021-06-06 01:54:50,294,172.3,17.12
471,Motorcycle,Kawasaki,58.3013405,126.703407,65.541097,61.272937,2021-05-08 11:47:09,185,168.4,24.09
472,Bus,Mercedes,-53.462674,-34.244387,-33.7813335,14.75019,2023-06-19 14:30:57,264,35.41,4.48
473,Bus,Yamaha,61.3717535,28.920349,-55.9705225,-178.787382,2022-08-22 05:04:08,181,101.86,22.04
474,Motorcycle,Tesla,-35.1464715,-125.352661,88.1632695,-106.586785,2020-12-07 08:35:27,209,190.22,19.25
475,Motorcycle,Kawasaki,68.25674,-80.330837,88.6300935,161.789634,2021-07-14 06:33:24,159,54.12,7.15
476,Motorcycle,Yamaha,-46.667719,-81.446895,0.299377,-178.321282,2023-09-24 04:59:28,32,15.8,0.99
477,Truck,Tesla,54.909699,-144.136358,79.7650195,11.365715,2022-08-02 21:23:16,217,81.56,13.11
478,Truck,Mercedes,61.977711,-71.982166,-43.4467735,-100.239476,2021-01-02 09:09:08,85,175.85,46.29
479,Car,Toyota,14.566551,128.37243,23.670371,80.983593,2020-08-03 02:30:03,214,124.82,25.1
480,Car,Toyota,-81.5713355,162.355919,-15.5975915,148.952265,2020-05-01 21:06:58,89,43.23,10.46
481,Bicycle,Trek,28.4875695,178.024595,60.694543,75.716392,2022-01-30 16:41:24,248,131.18,0.0
482,Motorcycle,Honda,58.672865,66.721819,-71.350881,-179.194252,2020-08-18 20:30:59,55,92.08,14.23
483,Bus,Mercedes,81.2958895,-70.829928,-21.348259,-63.895128,2022-06-18 21:41:01,10,36.02,10.78
484,Truck,Yamaha,44.8510865,55.481509,28.8749205,171.936845,2021-04-06 17:23:16,129,163.31,10.42
485,Car,Yamaha,86.5551655,-68.293171,-4.5125265,-7.041804,2023-09-02 10:17:52,199,71.52,9.9
486,Bicycle,BMW,-56.1002,13.131752,60.441815,134.536569,2022-12-11 19:30:33,83,109.83,0.0
487,Bicycle,Yamaha,-77.511244,167.817064,-49.251743,-136.953991,2022-06-08 10:41:39,151,105.72,0.0
488,Truck,Tesla,-3.9787045,-121.174212,42.8251765,-158.79586,2020-12-23 19:18:16,119,69.28,5.3
489,Bus,Toyota,22.86591,51.415464,27.7667555,-121.939732,2021-04-21 07:17:34,286,99.18,11.33
490,Bicycle,Tesla,48.5265635,-143.826451,-4.8593685,105.562752,2023-02-08 06:14:28,87,53.8,0.0
491,Bicycle,Mercedes,58.2431645,-56.651006,-16.5309915,62.012472,2021-11-12 16:10:23,50,182.2,0.0
492,Truck,Toyota,16.0110595,90.533184,27.432095,10.964321,2023-08-28 03:40:37,277,164.55,42.47
493,Bicycle,Honda,-44.9179165,155.314071,-26.9870255,-54.074687,2021-07-08 04:35:18,85,19.85,0.0
494,Car,Mercedes,35.3535365,-104.974569,-24.711233,-125.241565,2022-03-03 08:38:14,71,120.49,7.54
495,Bus,Honda,34.3780395,-10.841321,-84.229075,-33.940949,2020-03-24 06:04:30,149,86.09,16.05
496,Motorcycle,Tesla,-79.8423295,-16.150028,-13.8989905,-122.894145,2023-03-05 18:20:39,193,63.64,14.36
497,Bus,Honda,54.234394,95.351305,-55.5885815,-153.698019,2021-01-26 14:24:03,215,161.37,27.85
498,Car,Yamaha,-57.557489,126.030521,35.1736215,-132.897,2020-06-25 00:41:41,211,119.17,34.64
499,Car,Yamaha,-46.8660135,54.999432,-59.8806765,24.919213,2023-03-06 22:16:27,279,103.01,21.98
500,Truck,Mercedes,72.9425015,-154.922421,3.1831525,-15.483038,2022-08-20 07:30:18,125,107.54,23.81
501,Motorcycle,Honda,-7.621816,88.918281,-42.5250785,-79.450902,2020-11-09 16:54:19,166,126.16,37.47
502,Truck,Honda,-11.027865,-147.229699,1.367598,-172.113091,2020-05-10 21:33:00,89,92.51,16.84
503,Truck,Toyota,-69.7434585,50.217374,27.972938,-134.193646,2022-12-15 21:27:49,224,34.46,4.35
504,Car,Tesla,-38.0375855,-93.959076,36.60079,140.893062,2020-07-18 07:57:39,224,66.84,14.73
505,Motorcycle,Yamaha,77.2177535,124.48825,22.409033,-130.194169,2020-01-10 14:29:14,110,143.91,10.85
506,Bus,Kawasaki,24.4411085,1.067276,78.9968275,131.663376,2022-03-01 08:34:45,73,66.28,15.67
507,Motorcycle,BMW,16.153314,51.250491,-87.179335,-78.84266,2022-07-12 10:48:11,28,169.97,45.26
508,Motorcycle,Honda,45.5867975,135.618838,39.946528,89.411316,2021-01-16 06:32:13,208,38.49,7.37
509,Truck,Trek,14.125642,-174.264401,49.0327885,-11.58163,2023-08-13 07:11:26,111,195.63,52.57
510,Bus,Honda,-31.4715795,99.861365,-5.2974955,78.028871,2020-03-15 21:54:02,277,101.16,7.59
511,Motorcycle,Trek,-13.5753735,-52.546693,-52.114661,69.736128,2022-01-16 18:40:18,117,48.19,2.96
512,Bus,Tesla,-16.5945865,63.768711,-76.3206345,38.324417,2020-12-11 01:49:19,189,117.73,21.92
513,Bus,Honda,14.6583535,126.116333,44.8774645,-115.18485,2021-12-04 06:23:19,263,43.15,3.79
514,Motorcycle,Honda,64.502039,64.140836,-54.532788,-93.233899,2022-01-05 16:40:30,35,55.75,6.96
515,Car,Honda,-57.4355155,161.486295,34.4189005,76.923686,2020-12-07 20:12:49,164,138.49,36.74
516,Car,Tesla,48.946726,-53.567748,-42.265331,-34.788725,2021-02-27 02:37:38,204,168.19,28.58
517,Bus,Trek,34.745051,-22.668451,37.8576985,-76.596644,2023-03-13 23:27:42,108,54.36,12.02
518,Bus,BMW,-16.8633825,23.053733,3.298785,68.962241,2021-12-20 03:41:19,94,127.33,35.21
519,Bus,Trek,38.0887965,119.360122,-60.41263,-43.909279,2020-08-25 04:08:16,73,21.01,3.85
520,Bicycle,Toyota,8.251055,102.545118,-86.645979,-170.018225,2020-08-11 16:52:14,144,154.82,0.0
521,Bicycle,Yamaha,39.949134,-112.698411,62.876805,-150.907174,2023-05-05 17:44:51,235,55.73,0.0
522,Car,Toyota,-32.275936,-175.954269,-7.3380735,-7.682635,2021-08-25 09:18:52,197,183.61,13.71
523,Car,Toyota,-31.4072855,-140.124378,-6.1146355,61.609936,2021-04-29 14:55:01,32,5.24,0.31
524,Motorcycle,Trek,61.7910985,-81.561307,14.7411305,-160.261543,2020-06-07 00:43:16,41,174.98,40.76
525,Car,Kawasaki,34.0530035,-45.916252,-88.840586,-123.823649,2021-09-22 16:37:45,222,182.32,41.55
526,Bus,Yamaha,-39.115875,150.059693,-36.2475305,118.143637,2021-01-28 17:31:57,238,191.07,39.51
527,Bus,Kawasaki,-28.6192415,13.917165,-34.3765445,141.05234,2020-07-01 20:12:25,199,67.91,17.39
528,Car,Trek,9.6918295,33.782753,2.6671545,-131.53908,2020-07-20 16:00:24,198,162.86,31.73
529,Bus,Tesla,6.2398975,-126.491109,46.4938045,-22.718777,2020-05-21 16:33:53,298,35.75,6.42
530,Bicycle,Toyota,-41.9255505,176.524874,-34.930132,91.905987,2022-02-19 03:42:06,234,47.54,0.0
531,Car,Honda,-48.9269845,96.836542,13.6713735,-63.7026,2022-06-18 02:28:51,39,109.35,7.23
532,Truck,Honda,17.0885215,-135.65883,-34.2052905,-137.001548,2020-09-18 05:39:31,227,109.34,20.1
533,Bus,Kawasaki,-75.6318225,150.891607,72.533085,104.412024,2022-06-24 08:59:52,39,142.6,20.84
534,Motorcycle,Mercedes,-34.035047,-99.856974,43.916752,44.41134,2023-07-03 14:02:44,284,109.24,31.88
535,Bicycle,Tesla,-42.393163,-6.178498,10.9551495,45.564312,2020-07-30 14:02:44,140,99.26,0.0
536,Bus,Kawasaki,65.9527305,-76.139304,37.570085,3.922487,2022-11-03 21:16:05,52,75.01,20.36
537,Car,Honda,34.011783,24.991528,44.940494,-47.770255,2022-08-05 09:18:24,122,43.82,6.61
538,Car,Kawasaki,52.520125,33.304873,47.3973245,-89.166513,2020-08-04 22:45:54,153,37.57,4.03
539,Bus,Kawasaki,-55.501606,29.241418,-75.2658795,-145.41221,2021-04-30 11:39:23,147,2.12,0.15
540,Truck,Toyota,47.736715,100.150277,59.420099,158.56461,2021-06-13 01:49:51,107,154.15,29.72
541,Motorcycle,Trek,42.2935595,-132.212193,7.6688865,129.974493,2022-08-16 13:41:46,55,116.07,24.25
542,Motorcycle,Mercedes,-25.1402495,114.315165,70.3479405,129.652064,2020-09-20 20:13:46,280,8.75,1.2
543,Motorcycle,Mercedes,-6.4576795,-123.369772,24.5701,35.500009,2023-05-26 14:19:37,81,92.79,14.54
544,Car,Yamaha,0.203813,-11.258609,70.1902885,-44.283592,2020-12-18 12:52:26,156,153.06,45.36
545,Bicycle,Kawasaki,72.472022,-0.202307,26.9960765,-140.376806,2022-07-20 13:27:03,176,153.52,0.0
546,Bus,Trek,4.150669,133.755508,24.13011,137.6087,2020-06-14 13:45:55,90,181.66,39.91
547,Bus,BMW,-29.5970225,127.416374,50.569179,63.616377,2022-06-16 18:29:59,297,41.15,11.24
548,Bus,Kawasaki,58.5863305,159.086924,-88.955812,77.006796,2022-12-23 19:01:50,234,87.03,16.81
549,Truck,Toyota,-82.3363125,-97.086194,-89.3984015,-133.807556,2022-10-04 21:46:37,88,93.43,5.43
550,Bus,Toyota,-20.300415,-142.734058,-62.8418425,59.525956,2020-05-01 17:40:33,236,14.74,1.99
551,Truck,Trek,69.4217585,-110.883199,58.9574265,77.462271,2023-09-12 18:47:04,188,172.26,35.12
552,Bicycle,Honda,1.247213,52.198181,-79.3393065,136.271912,2021-01-08 15:27:26,196,116.08,0.0
553,Motorcycle,Tesla,18.616815,-77.095407,-15.0898465,2.690101,2020-12-04 08:12:08,282,189.09,43.0
554,Car,BMW,33.9863985,-109.514022,11.416967,14.451749,2023-03-04 05:24:37,23,195.21,38.41
555,Motorcycle,Tesla,42.3451695,137.771645,-29.610426,-151.626884,2020-11-25 21:45:45,222,162.25,21.05
556,Bicycle,Trek,-61.9155725,143.621281,85.5979675,-176.313176,2020-05-02 11:55:22,5,182.5,0.0
557,Truck,Toyota,47.1763685,130.311206,-84.848153,-125.914638,2022-03-18 11:16:36,267,174.28,13.49
558,Bicycle,Trek,-0.92842,56.198536,77.5302575,-160.732425,2023-04-04 08:24:49,164,23.23,0.0
559,Bus,Mercedes,6.7898,75.719935,-29.314388,90.435942,2020-12-15 01:00:57,98,199.28,24.97
560,Motorcycle,Yamaha,-20.0559405,38.644217,59.471582,-79.097462,2022-01-28 17:47:50,103,8.92,0.46
561,Motorcycle,Tesla,37.867986,-177.823647,-40.3478195,-158.345054,2022-12-30 00:38:45,144,52.84,5.63
562,Motorcycle,Tesla,44.477646,168.579045,-75.8992815,-32.91843,2021-12-30 12:33:38,226,90.23,17.44
563,Car,Trek,15.329408,22.022938,55.9003665,-67.291872,2021-01-09 21:01:10,269,190.14,9.63
564,Bus,Trek,-43.221927,-102.218966,-37.0628335,-52.874006,2020-06-26 12:17:09,280,40.24,11.21
565,Motorcycle,Tesla,71.6112675,13.898862,75.174324,76.770531,2023-06-24 08:11:12,292,62.37,12.13
566,Motorcycle,Toyota,-75.7752405,166.129718,-6.8810285,-145.644688,2023-06-20 10:17:52,253,55.69,6.17
567,Motorcycle,Trek,-64.8475395,100.58252,11.449838,-118.676926,2022-05-23 08:22:23,148,144.86,21.04
568,Bicycle,Honda,28.038206,165.74631,-38.905968,-135.3388,2023-07-02 11:23:41,209,168.31,0.0
569,Bicycle,Toyota,22.861445,-122.217679,75.50858,-50.094747,2021-02-11 08:27:13,53,78.8,0.0
570,Car,Toyota,89.5032065,-20.711857,42.6426565,-85.207605,2023-08-08 19:49:19,116,60.63,6.7
571,Truck,Trek,32.0652145,101.755631,53.050847,62.936102,2023-05-08 16:17:41,100,85.92,24.01
572,Car,BMW,-46.743749,-127.39174,-39.900132,102.27628,2020-03-06 07:24:38,74,148.12,29.08
573,Bicycle,Yamaha,59.762585,73.628172,52.061193,31.956199,2021-02-11 12:39:01,51,106.64,0.0
574,Bus,BMW,31.319008,-88.482951,1.1603415,58.910133,2022-05-25 23:04:03,146,89.21,18.67
575,Motorcycle,Kawasaki,39.459215,-64.5279,-49.51138,-153.371496,2021-09-02 20:52:02,299,94.92,14.9
576,Car,Trek,-56.8311305,152.436086,21.6770385,116.476668,2022-11-19 15:03:54,5,172.19,47.1
577,Motorcycle,BMW,21.0880055,-143.096786,2.0216065,22.902562,2020-08-11 23:22:20,202,61.89,13.32
578,Truck,Yamaha,-45.522719,102.438944,-60.147762,94.192352,2021-02-07 19:04:17,260,119.57,29.72
579,Bus,Honda,-31.4514305,106.563026,-66.739701,-110.391009,2022-10-14 11:54:41,217,66.33,5.51
580,Truck,Mercedes,18.80636,-138.039783,73.8509655,-133.804851,2022-06-22 00:04:57,139,48.77,3.99
581,Bus,Tesla,46.864432,-80.987944,-24.6188405,-169.808937,2021-10-10 06:34:54,245,49.23,4.7
582,Truck,Kawasaki,60.2544245,85.683033,44.256007,-166.371781,2023-05-08 21:45:19,230,135.53,20.81
583,Car,Trek,-74.294464,-130.988304,-47.9513245,159.556976,2020-06-01 23:32:10,174,66.02,12.38
584,Bus,Tesla,25.494464,-99.524131,4.017417,63.94402,2023-05-11 18:40:28,208,55.69,15.73
585,Truck,Tesla,55.3963955,-147.330397,56.110815,5.483414,2023-09-15 02:03:57,7,153.0,8.78
586,Bicycle,Trek,30.9263855,-110.793155,14.2827195,92.56951,2022-06-06 05:33:51,165,190.28,0.0
587,Motorcycle,Trek,-87.9600525,-31.655818,8.0976945,-162.429349,2022-03-24 04:52:12,68,51.96,2.92
588,Motorcycle,Kawasaki,-42.7814845,93.158415,-58.3172475,52.559207,2023-05-15 01:14:00,5,172.73,20.47
589,Motorcycle,Trek,7.391085,126.781195,-23.102483,-129.986404,2020-01-20 09:55:08,292,155.73,20.74
590,Motorcycle,Mercedes,60.601376,153.004038,57.5975015,-60.656436,2021-12-19 19:04:51,160,194.67,18.67
591,Motorcycle,Honda,53.7583645,40.332454,71.4553305,-23.204752,2020-10-03 07:01:00,217,149.74,16.14
592,Truck,Yamaha,-9.617535,23.429231,3.413785,-57.314776,2022-04-27 11:39:56,90,48.34,14.04
593,Bus,BMW,-29.589957,-173.026758,-83.22054,133.327257,2021-04-22 14:44:50,85,23.23,2.21
594,Bicycle,Trek,-50.895013,45.805599,-68.285475,114.15405,2020-07-21 05:47:33,85,58.16,0.0
595,Motorcycle,Kawasaki,-84.0819905,50.451541,13.0803555,0.391621,2020-07-30 02:20:58,184,104.29,12.82
596,Bus,Kawasaki,12.039801,60.416011,-3.93955,13.924538,2023-04-12 17:48:12,276,182.67,23.03
597,Truck,Yamaha,-69.487888,101.88736,-9.447199,-1.597099,2021-04-18 09:05:41,176,56.07,5.53
598,Bicycle,Kawasaki,52.6575645,146.424082,-47.127134,24.421263,2022-05-01 07:28:33,183,22.33,0.0
599,Bicycle,Honda,41.9503355,-10.584456,-43.625748,-62.389066,2023-01-11 19:10:03,175,190.98,0.0
600,Bus,Trek,-87.0740095,94.014144,-79.643262,-158.453464,2023-09-26 10:18:00,190,64.19,5.22
601,Bus,Honda,37.525645,-47.906458,-23.161165,170.478795,2023-05-01 00:17:26,128,85.65,18.75
602,Bicycle,Toyota,58.357017,-60.47162,-80.287846,109.536557,2022-04-07 18:51:51,276,159.35,0.0
603,Truck,Toyota,-61.5724745,98.046723,-44.622514,-171.752471,2022-11-26 09:37:56,19,143.72,43.02
604,Truck,Mercedes,-51.898835,-77.79949,-39.583509,-91.566639,2020-01-14 01:53:28,70,192.7,54.82
605,Motorcycle,Trek,-46.358876,-114.440875,27.727207,-35.217916,2022-06-08 06:37:48,256,149.68,37.61
606,Bus,Toyota,70.7888145,73.297779,-82.042667,-151.287611,2023-01-05 18:11:27,37,59.72,14.48
607,Bicycle,BMW,-73.0613125,134.158399,4.1828235,-61.225337,2022-10-22 06:39:28,246,195.97,0.0
608,Motorcycle,Mercedes,-32.3862405,-147.280079,23.025517,-121.704033,2021-03-24 00:33:25,52,159.67,21.82
609,Car,Tesla,34.2720485,-109.20591,60.348846,62.933588,2023-01-08 00:43:08,298,17.96,4.09
610,Motorcycle,Mercedes,-82.6308585,-3.511079,-77.4022175,-36.209768,2020-11-30 03:44:48,67,134.66,34.8
611,Bicycle,Mercedes,11.9277525,-132.580757,-73.4295555,94.737188,2022-07-04 00:38:21,184,108.51,0.0
612,Motorcycle,Yamaha,86.942714,72.059763,74.490973,7.313485,2021-03-14 09:30:42,12,128.15,36.92
613,Bicycle,Mercedes,56.1387685,-18.48478,81.1393245,108.848194,2020-01-17 20:45:14,73,134.87,0.0
614,Bus,Tesla,59.361794,-170.391786,-83.4463645,-16.600916,2021-08-14 11:52:17,93,19.62,4.45
615,Bicycle,Kawasaki,-11.4826865,-121.501175,62.5985395,105.536178,2022-04-08 09:05:46,93,89.66,0.0
616,Truck,Tesla,33.5282925,113.457199,11.3402335,-21.656844,2020-09-11 09:23:10,10,171.67,9.96
617,Truck,Yamaha,12.463034,177.888872,-10.517994,-129.311485,2021-10-14 16:32:36,48,187.76,33.84
618,Bus,Kawasaki,13.3717465,-115.40892,49.655555,127.935279,2021-05-23 00:29:59,250,64.2,10.77
619,Bicycle,BMW,-54.2574075,-150.342609,-65.3050205,-153.994182,2021-09-19 14:34:07,297,181.77,0.0
620,Car,Kawasaki,-46.9743155,146.749812,4.785558,118.714581,2023-02-15 01:12:37,132,96.58,9.72
621,Car,Toyota,25.48467,1.419845,27.591837,-179.178092,2021-04-27 09:28:31,267,57.46,2.97
622,Bus,Trek,-46.1653685,-92.98344,-20.5299525,-22.8493,2023-01-20 12:03:45,69,80.67,12.41
623,Motorcycle,Trek,14.567679,87.169885,-80.2161965,-88.132199,2023-08-25 14:35:39,150,24.92,6.88
624,Bus,Yamaha,-45.4903325,29.971528,80.1702415,-119.812716,2021-08-28 21:17:25,137,189.02,26.78
625,Car,Kawasaki,54.1834515,92.914615,-27.3483835,89.663624,2023-04-10 08:50:04,66,138.89,37.97
626,Bicycle,Yamaha,-0.70652,114.5568,64.833858,178.470745,2020-02-10 18:07:53,246,120.0,0.0
627,Truck,Tesla,1.1924365,65.507889,36.646966,-126.987988,2021-05-25 19:30:27,123,63.33,14.51
628,Bicycle,Kawasaki,27.3578605,-79.813022,45.803195,10.712426,2023-05-17 22:22:58,90,84.74,0.0
629,Bus,Kawasaki,55.7833395,-21.251889,30.5654025,-166.435814,2022-02-07 22:52:28,13,144.64,30.05
630,Car,Mercedes,14.7462345,75.762464,30.229742,48.184418,2021-01-26 22:43:40,211,13.31,3.87
631,Car,Toyota,-46.4208385,157.891008,-50.093725,162.682594,2023-03-19 17:02:30,279,168.16,11.33
632,Car,Mercedes,-2.9169145,21.352124,-40.2835295,-16.319742,2023-04-20 02:06:00,102,22.82,2.22
633,Car,BMW,-64.881857,-124.452689,18.3197355,-96.343556,2020-11-14 00:05:50,136,191.65,23.86
634,Car,Mercedes,-11.829507,-10.393667,87.406254,-101.731443,2021-05-14 10:00:21,244,98.17,19.21
635,Bus,BMW,71.483758,-30.076865,69.0066,152.445158,2022-09-04 01:32:13,39,87.35,24.77
636,Truck,Kawasaki,-37.899145,170.261198,31.12267,-150.644358,2022-09-29 08:25:04,215,85.05,5.45
637,Motorcycle,Mercedes,64.9509045,5.726382,65.7182995,-172.549296,2022-10-22 12:03:36,60,160.57,26.52
638,Motorcycle,Kawasaki,-29.558007,-125.55482,84.781901,137.991437,2022-11-04 08:56:14,115,159.3,17.56
639,Bicycle,Kawasaki,-87.512931,-6.266462,35.608414,121.599127,2023-07-25 19:55:37,46,168.52,0.0
640,Motorcycle,Honda,-74.6019055,-5.823305,45.9267175,108.648156,2022-11-10 09:30:26,136,197.32,45.21
641,Bus,Honda,-74.388268,43.84989,10.419221,23.092556,2022-06-15 07:38:32,5,196.21,47.97
642,Motorcycle,Yamaha,28.593415,161.804023,78.3342285,-115.437596,2021-04-10 15:22:46,219,130.86,11.58
643,Car,Toyota,89.129644,-133.250476,-89.198132,-10.794812,2020-11-08 02:47:24,7,12.91,3.34
644,Motorcycle,Yamaha,-2.4425345,-151.551478,73.836037,-116.595814,2022-12-21 07:38:28,212,118.83,14.23
645,Car,Mercedes,-28.633235,-84.971125,49.653825,-166.479494,2021-07-04 23:23:05,144,57.34,3.46
646,Motorcycle,Honda,81.5392365,130.290456,61.3003215,18.975069,2023-06-28 10:59:36,67,133.22,26.22
647,Bicycle,Yamaha,-52.6103545,-91.382681,27.281899,34.875609,2021-02-11 08:08:56,268,75.09,0.0
648,Bus,Yamaha,-76.580231,-166.878095,-4.6110565,71.379942,2023-03-15 02:32:02,261,183.34,28.55
649,Motorcycle,BMW,7.069948,59.129715,-3.7624315,-11.634092,2021-08-27 22:00:46,241,113.59,11.09
650,Truck,BMW,-86.2443355,154.996003,-31.4158645,152.317443,2021-06-12 19:13:44,71,124.32,18.18
651,Bicycle,Toyota,-12.1758675,90.330516,-50.3406615,-126.855026,2020-09-13 20:54:30,264,192.55,0.0
652,Car,Toyota,68.9482395,81.21964,-58.604432,165.117492,2022-04-09 20:30:00,221,156.35,33.57
653,Motorcycle,Mercedes,-82.5530335,-72.353419,-16.0809635,0.601462,2020-01-13 03:16:44,233,11.08,3.0
654,Truck,Trek,-49.3226235,131.844747,-56.1431065,-105.768403,2021-02-14 15:19:21,234,95.77,16.86
655,Car,Trek,-51.4324325,-59.367509,22.035806,34.661975,2021-02-15 06:22:54,150,191.43,37.6
656,Bus,Trek,21.858418,24.414886,-40.1341405,62.754382,2023-09-19 14:02:51,16,160.02,23.45
657,Car,Kawasaki,85.969778,-72.838224,15.730746,-162.698177,2022-05-15 11:02:41,299,20.31,4.97
658,Bus,Yamaha,-42.666774,19.509799,36.76067,135.65364,2021-07-16 12:21:00,17,184.39,42.86
659,Bicycle,Yamaha,-4.912783,-122.406039,58.738814,-11.59176,2022-06-09 23:55:02,104,165.72,0.0
660,Motorcycle,Tesla,-79.4043705,4.303132,-30.43273,-9.225498,2020-03-22 05:45:08,239,169.92,20.96
661,Truck,Toyota,-45.0017215,111.603446,48.566701,-100.154741,2021-01-17 05:42:12,27,196.98,15.25
662,Car,Honda,-18.3363855,26.353356,-83.466245,118.991158,2023-04-19 17:50:00,25,181.58,24.11
663,Car,Yamaha,-22.8030635,103.161963,-82.01146,43.329226,2020-11-09 15:18:57,165,40.65,6.79
664,Truck,Tesla,-26.802313,135.285149,48.8899475,12.29559,2023-01-18 20:18:17,122,180.5,34.97
665,Motorcycle,BMW,-65.8726135,-97.766401,-48.955078,-37.753943,2020-02-19 17:09:32,283,26.17,6.2
666,Bus,BMW,-75.3122735,3.103507,-35.8050855,26.48101,2023-06-19 08:33:35,154,23.35,5.18
667,Truck,Toyota,54.9800145,162.691239,-33.5070515,-118.033751,2020-09-25 08:47:47,154,23.7,6.86
668,Car,Trek,-86.779709,83.761982,40.0764355,-62.489327,2020-05-13 03:06:04,48,28.96,8.0
669,Bus,Toyota,39.5565735,4.556274,52.7283615,-50.352328,2023-01-02 19:41:46,51,172.71,48.27
670,Bus,Mercedes,69.313424,-160.049615,-62.8962265,76.315767,2021-06-30 09:00:34,160,177.3,39.35
671,Truck,Yamaha,85.1755845,16.685947,58.563287,-109.367695,2020-03-09 13:08:40,179,121.81,13.1
672,Bus,Tesla,67.086248,96.093063,58.728491,-86.915248,2020-05-09 11:25:28,100,125.07,20.29
673,Car,Yamaha,-39.8756045,-22.230854,27.663391,140.164748,2022-10-28 00:59:13,299,56.65,10.36
674,Bicycle,Kawasaki,-43.132187,-28.196973,-69.345186,140.657941,2022-03-08 23:37:21,101,26.46,0.0
675,Truck,Mercedes,-15.4135215,-3.735721,-64.205232,170.505474,2020-05-12 17:07:21,94,100.55,16.16
676,Car,BMW,-35.9539965,172.426166,-59.3041155,58.196237,2021-12-19 13:18:39,172,108.8,20.04
677,Bus,Tesla,-39.8248215,-82.008311,-88.550423,14.02264,2023-02-08 17:13:51,242,196.87,38.97
678,Car,Mercedes,53.4435945,-151.335666,-34.809781,165.07707,2022-03-06 21:31:10,100,127.99,37.26
679,Car,Kawasaki,-62.3735055,127.958826,-65.089497,169.069153,2021-03-19 20:53:41,101,155.2,43.81
680,Bus,Tesla,53.476738,-11.481249,-22.5462255,6.140867,2021-12-11 16:16:40,251,175.62,8.88
681,Motorcycle,Honda,-56.4058335,-59.973298,-24.6333695,-150.659269,2020-11-21 05:53:31,256,83.1,9.17
682,Motorcycle,Trek,-63.6622905,-81.685514,-84.8303625,57.980796,2021-02-26 03:55:33,146,19.77,3.61
683,Bicycle,Mercedes,-55.074616,-141.703609,-55.887962,-45.186319,2022-01-15 21:01:37,199,99.23,0.0
684,Motorcycle,Trek,29.4511765,30.827274,-27.898596,-108.480438,2020-04-27 19:57:33,143,25.81,2.59
685,Truck,Honda,-22.00746,-142.837779,42.970034,92.989594,2022-11-13 20:06:48,289,7.41,0.56
686,Bicycle,Trek,31.450414,95.872524,18.5303115,-83.49239,2020-04-15 10:54:17,215,193.52,0.0
687,Car,Trek,-46.781739,10.652181,-31.2009245,108.156425,2021-02-18 00:09:28,157,37.23,10.17
688,Truck,Yamaha,-4.387925,-66.070967,-18.9987865,-50.241106,2021-10-31 19:43:19,84,192.5,44.54
689,Bicycle,Tesla,12.7416255,-29.153891,19.928127,-139.12282,2020-03-11 17:23:19,168,155.1,0.0
690,Truck,Kawasaki,-40.6049005,-39.316581,-4.0008055,-97.603698,2020-06-22 04:27:51,118,125.34,24.21
691,Motorcycle,Toyota,67.5191975,-96.953042,54.235413,21.172187,2020-02-25 06:48:39,105,134.37,35.29
692,Truck,Mercedes,-18.5118455,-132.850802,-17.863698,15.444488,2022-03-25 02:50:30,133,162.38,9.56
693,Car,Kawasaki,83.354344,62.589122,-19.133612,-75.338165,2020-11-28 19:19:51,119,69.19,15.08
694,Bus,Yamaha,-65.411493,-39.227391,-29.1683545,-89.105713,2022-01-02 11:37:23,31,76.89,22.18
695,Car,Tesla,22.1660535,59.663807,21.565414,-2.153981,2022-06-21 18:35:58,290,187.7,41.92
696,Bicycle,Mercedes,78.511934,-156.726685,-39.805846,168.705918,2023-06-30 10:31:15,167,150.42,0.0
697,Bus,Honda,30.070455,57.372779,74.2721035,-59.999834,2021-10-29 18:47:55,155,178.37,52.94
698,Bus,Honda,-53.1931825,77.89336,-21.316113,64.900273,2021-03-19 13:04:56,259,26.87,5.02
699,Truck,BMW,46.4017345,175.509871,36.361297,-156.996329,2021-02-13 21:27:21,257,84.4,14.55
700,Motorcycle,Mercedes,65.2228085,141.299925,-26.9867015,108.082192,2021-07-29 13:36:49,86,169.1,45.3
701,Motorcycle,Trek,84.202612,-15.919771,8.492352,-96.385994,2022-10-11 04:13:07,144,190.88,45.35
702,Motorcycle,Honda,-29.0813635,-74.783598,-66.0674995,-44.399313,2021-09-21 12:30:20,49,99.53,14.21
703,Bus,Honda,-2.0210855,174.272933,-38.889587,-85.735784,2021-06-14 20:36:15,175,64.3,5.24
704,Car,Mercedes,-11.5147915,-31.872336,-3.750103,-39.359893,2020-04-08 00:54:31,248,97.04,15.09
705,Bus,Kawasaki,56.2736675,-149.776821,-89.821086,-44.67669,2022-01-27 23:10:49,260,122.44,20.61
706,Bus,Mercedes,41.6139315,-87.028926,58.162459,-70.233425,2021-01-21 15:07:09,55,14.92,2.57
707,Bus,Trek,-50.9272965,103.370212,-59.5104365,15.989038,2023-01-27 07:39:45,181,131.45,21.09
708,Motorcycle,Kawasaki,-41.3870305,-130.05521,10.77186,110.965416,2023-05-26 05:10:16,120,147.1,11.25
709,Bicycle,Toyota,48.6643765,121.419199,-64.502949,-96.516334,2023-01-04 19:33:15,182,22.98,0.0
710,Car,Mercedes,-66.28024,-26.549863,42.291944,68.15396,2022-08-04 17:44:30,191,121.44,25.73
711,Bus,Kawasaki,47.7478455,74.183416,-41.1493065,-134.083081,2020-09-29 12:40:28,45,80.54,23.73
712,Bicycle,Trek,61.6563135,-8.234653,23.9614385,-132.558914,2021-11-04 13:05:00,230,111.06,0.0
713,Bus,Mercedes,-20.174338,-92.501287,-50.9847225,174.315225,2021-08-08 17:04:16,29,34.25,4.01
714,Bicycle,BMW,39.043807,151.236689,-56.0717115,79.713627,2021-06-13 15:58:34,275,48.93,0.0
715,Bus,Tesla,-60.4270795,166.455281,33.817615,-33.268717,2020-11-28 07:17:38,164,87.1,14.98
716,Motorcycle,BMW,-10.159506,-74.681253,60.95606,51.121543,2022-01-03 12:20:44,145,158.77,45.25
717,Bicycle,BMW,70.785308,72.763234,18.1726315,45.930778,2020-08-15 15:44:37,13,180.12,0.0
718,Truck,Tesla,-25.107107,-99.573439,-13.2355845,46.874605,2020-09-04 09:00:19,209,15.04,3.83
719,Motorcycle,Tesla,72.0392255,-64.390054,-16.7243225,83.886781,2021-06-15 04:38:20,120,112.62,20.23
720,Car,Toyota,19.1134415,175.374902,-54.326977,-112.441845,2020-05-10 22:12:54,14,123.05,33.94
721,Motorcycle,BMW,-55.7240825,-118.613633,-6.965561,-101.314028,2022-12-16 22:23:16,119,199.1,15.41
722,Truck,Yamaha,-28.304654,119.211864,-18.58384,175.205988,2022-10-06 19:36:58,51,86.27,10.18
723,Truck,Honda,55.8732165,-169.749204,-4.3130105,14.876843,2021-06-27 16:13:27,79,99.42,8.38
724,Bicycle,Mercedes,8.5484065,-105.483113,5.3472145,-139.955201,2022-07-16 14:17:48,283,71.6,0.0
725,Bicycle,Mercedes,80.3567705,134.087725,5.5535965,-40.881414,2022-02-06 03:58:04,165,58.65,0.0
726,Truck,BMW,-25.106825,-152.220335,1.90827,-72.25081,2020-05-28 15:19:00,90,85.32,24.22
727,Bus,Yamaha,-79.2792175,116.279811,59.375617,-44.33984,2022-07-16 13:25:06,47,191.74,29.16
728,Truck,Toyota,-78.810475,-110.135849,70.312157,68.789109,2021-02-27 22:33:19,245,137.92,33.63
729,Car,Honda,1.1617115,-101.356329,45.751634,-56.24338,2021-10-12 08:01:08,294,90.51,15.21
730,Bus,BMW,31.3228615,-142.957019,21.6690395,148.183726,2021-12-06 10:17:31,54,88.74,20.02
731,Motorcycle,Honda,-82.494093,-142.680707,-33.277771,13.244736,2020-02-05 06:38:54,247,183.17,18.57
732,Car,BMW,3.560435,139.791824,-6.1327,-56.142384,2020-12-22 12:15:29,150,112.81,16.61
733,Bus,Honda,62.4152835,-122.936669,-15.2110435,130.115984,2020-06-10 17:53:07,198,143.28,8.43
734,Motorcycle,Mercedes,17.754849,-95.454709,74.05456,-138.898552,2022-05-24 10:56:09,50,8.76,2.33
735,Motorcycle,Trek,-76.2388595,17.740008,50.8458585,167.995271,2020-07-23 11:51:39,174,140.62,35.41
736,Motorcycle,BMW,-9.486817,-42.222005,43.4724305,131.017777,2021-08-04 00:11:31,300,54.92,10.02
737,Car,Honda,28.6616375,-29.107177,-32.562025,-89.562894,2023-07-09 19:26:43,166,34.13,7.7
738,Car,Kawasaki,54.534376,-0.642047,-22.1801495,76.782004,2022-06-14 13:50:52,256,168.09,24.69
739,Truck,Toyota,35.254069,119.544215,37.6848905,-66.025769,2021-06-11 12:46:58,124,148.57,23.35
740,Motorcycle,Kawasaki,-89.1264925,166.152783,79.6809775,155.207108,2020-10-15 04:36:13,133,20.12,5.49
741,Car,Trek,43.7304505,-75.266914,-48.832148,-81.851902,2023-07-21 06:43:17,287,158.65,9.99
742,Motorcycle,Honda,-89.965161,7.881189,-27.9903795,-46.795637,2021-05-17 21:33:12,44,114.15,12.34
743,Bus,Trek,-77.6790605,155.638996,41.1476105,-47.058697,2022-01-16 17:00:37,114,22.81,2.87
744,Truck,Kawasaki,6.051198,29.354541,-89.5369005,9.637667,2021-01-01 13:56:10,185,73.55,15.37
745,Car,Yamaha,80.3612655,129.696846,36.117448,84.300444,2022-04-23 18:08:45,159,67.55,4.45
746,Bicycle,Mercedes,-17.112888,174.616832,-58.2282615,-74.180334,2023-06-26 13:01:57,153,94.46,0.0
747,Bicycle,Trek,86.665426,-42.735207,-54.497131,-82.315234,2022-06-27 12:46:43,65,175.83,0.0
748,Motorcycle,Yamaha,45.199974,33.5461,-0.5156275,-117.879106,2020-10-29 09:59:08,145,23.87,5.17
749,Motorcycle,Yamaha,70.555986,12.36993,34.30938,-132.361523,2022-12-27 13:21:58,114,108.98,18.88
750,Truck,Mercedes,10.6320885,-130.724591,39.358539,86.370812,2020-07-08 03:46:58,181,145.04,12.23
751,Car,Honda,13.47151,110.195969,-29.1017545,17.943226,2023-01-01 06:30:21,252,190.96,25.52
752,Motorcycle,Honda,5.9114155,4.969891,30.361654,-145.980333,2021-06-18 01:36:02,141,40.29,9.13
753,Bicycle,Kawasaki,-87.402784,88.250263,-77.195451,-121.573617,2023-06-02 00:23:51,140,134.4,0.0
754,Truck,Toyota,82.739715,-49.885544,68.362915,-9.282563,2020-03-07 13:54:08,274,117.23,8.23
755,Bus,Kawasaki,-50.272072,-69.057918,-63.039545,42.653161,2023-01-03 10:20:53,7,158.46,46.23
756,Motorcycle,Trek,54.506654,16.185715,-75.712309,-102.195168,2022-02-08 20:44:10,93,148.07,11.17
757,Car,Trek,60.4360215,170.995862,44.828419,138.059283,2023-04-19 23:22:26,259,175.25,32.89
758,Motorcycle,BMW,49.561,-79.294736,85.5322395,54.364825,2023-03-19 07:12:18,222,58.42,14.67
759,Bus,Tesla,-35.6288345,-102.45271,62.1822775,-49.684128,2023-04-18 01:29:34,185,42.21,5.66
760,Bus,Kawasaki,22.37689,-92.801775,72.63812,164.600642,2022-12-12 14:21:41,59,80.74,13.87
761,Truck,BMW,88.7233375,-122.333093,76.582725,14.211018,2022-07-22 03:54:13,201,37.95,2.8
762,Car,Honda,-52.0694695,77.122273,80.776768,2.504414,2022-10-31 18:32:14,185,62.09,9.97
763,Car,Yamaha,-56.9588695,-4.698918,-36.291191,-76.180391,2022-10-17 10:21:25,160,92.24,18.76
764,Bicycle,BMW,69.401061,115.748888,-36.4912035,-168.358027,2023-09-11 04:18:37,60,98.95,0.0
765,Motorcycle,Kawasaki,64.666591,141.763679,83.9604105,89.426172,2020-04-29 15:02:22,157,77.92,10.55
766,Truck,Kawasaki,-84.093058,85.45438,62.242463,-101.595917,2020-07-08 03:20:04,90,163.98,17.75
767,Bus,Honda,-60.728676,49.352952,-53.330631,39.330821,2021-07-06 06:26:53,25,184.9,34.0
768,Truck,BMW,82.7823695,-10.401561,75.612299,-163.335365,2022-05-30 00:27:20,48,103.08,19.45
769,Bus,Tesla,-16.207289,13.062428,35.5545385,-105.611542,2020-10-31 19:50:41,174,16.3,3.01
770,Bicycle,Toyota,78.1069425,-174.548625,78.7345625,58.768122,2023-07-06 07:36:56,20,64.21,0.0
771,Bicycle,Mercedes,53.171267,101.756503,84.7744265,156.270627,2020-01-02 11:55:34,118,74.61,0.0
772,Truck,Trek,-85.220384,-88.141023,73.8590455,-105.191467,2022-07-15 17:43:54,292,147.79,17.77
773,Bus,Trek,47.4768285,4.937331,50.912601,-29.93678,2023-08-04 18:21:53,52,67.49,18.58
774,Bus,Toyota,52.0226855,29.974638,86.0068455,-13.288921,2020-12-31 15:26:59,35,34.53,6.33
775,Bicycle,Kawasaki,68.1599615,147.941982,-60.001767,64.15304,2023-07-13 23:24:05,53,89.03,0.0
776,Bus,Kawasaki,48.326671,61.027776,8.1029715,-94.358637,2023-08-17 17:10:03,298,180.69,45.88
777,Motorcycle,Tesla,-78.7606015,-130.451871,-81.5122345,-40.270606,2022-01-15 17:44:50,231,69.06,16.0
778,Car,BMW,-58.404996,-106.077555,84.803566,-145.14555,2020-04-09 21:57:00,185,174.38,49.34
779,Motorcycle,Toyota,67.223592,141.45809,77.123976,43.990467,2020-04-27 23:06:44,49,169.69,23.15
780,Bus,Mercedes,-30.728963,-78.744217,16.9101815,157.347843,2023-08-31 02:43:26,151,155.95,34.56
781,Motorcycle,Tesla,-73.2769705,-42.034812,-42.814777,61.310372,2022-06-18 19:05:51,200,113.23,8.02
782,Motorcycle,Toyota,42.005367,107.954342,66.34187,29.972565,2022-11-04 15:27:11,123,87.99,6.74
783,Truck,Toyota,61.265824,47.5897,27.418445,31.599342,2020-12-07 22:56:17,194,64.62,13.94
784,Truck,Honda,-2.6366995,98.790582,83.8542095,-71.915515,2022-11-23 13:28:20,62,106.03,28.78
785,Bus,Yamaha,-1.737553,-75.850226,-70.153289,-85.809058,2021-11-11 13:44:20,94,70.36,15.45
786,Bicycle,Honda,-32.212906,35.93401,-34.725878,34.708919,2023-01-20 08:15:58,266,151.06,0.0
787,Truck,Trek,49.3239565,-49.291676,31.4702285,19.812883,2020-12-15 20:10:53,40,15.62,2.31
788,Bicycle,Trek,27.8927965,36.599257,41.3951165,125.392855,2023-03-05 13:43:41,192,37.88,0.0
789,Bicycle,BMW,50.661637,117.986688,-36.250638,73.905511,2020-07-20 02:37:34,219,1.57,0.0
790,Truck,Toyota,51.4096295,49.936866,-79.8216595,-149.919652,2020-08-29 21:41:43,289,42.36,5.53
791,Motorcycle,Mercedes,-39.594532,-59.859842,1.3335305,-59.097567,2021-07-03 20:15:59,222,10.99,0.68
792,Bicycle,Toyota,-8.6607195,-109.898876,51.159113,84.308682,2023-01-06 15:21:28,47,173.11,0.0
793,Bus,BMW,-10.5468255,105.03156,-14.6484645,163.472075,2020-05-26 20:33:41,287,11.94,2.88
794,Bus,Toyota,-57.3718065,31.978499,-35.631899,-96.925208,2023-07-30 08:35:20,67,138.46,13.17
795,Motorcycle,Trek,-89.855602,6.754729,-48.663037,29.337296,2020-04-13 06:06:52,77,165.05,49.08
796,Bicycle,Toyota,42.581438,-168.044066,55.3418875,-131.865981,2022-07-01 04:14:06,54,6.23,0.0
797,Motorcycle,Toyota,-6.493353,79.913077,33.2677915,-32.042836,2023-09-11 08:13:55,236,48.31,5.58
798,Bus,Yamaha,-18.5363715,131.563627,-89.2058695,-172.077689,2020-06-24 10:33:56,193,117.29,22.19
799,Car,Tesla,72.494752,-77.710988,61.620205,150.246482,2023-07-09 00:32:50,199,149.88,19.89
800,Car,Honda,-30.9140335,108.391396,-37.1550485,145.176575,2021-11-16 04:59:27,195,114.91,8.21
801,Truck,BMW,47.4336535,90.023639,82.904446,-173.123125,2022-04-01 12:55:59,97,158.58,17.37
802,Bicycle,Toyota,-1.926131,-86.341454,-49.355875,-94.652196,2022-04-10 13:19:11,75,194.74,0.0
803,Bicycle,Kawasaki,-7.1991505,-57.059948,51.2254565,-137.009711,2020-06-07 08:55:53,18,122.66,0.0
804,Truck,Yamaha,2.0373325,-89.081303,-87.2798735,-110.976703,2021-06-16 08:53:17,131,25.58,2.37
805,Car,Honda,-79.2091795,119.904254,40.867516,-149.670289,2021-07-26 02:11:40,112,176.68,14.49
806,Motorcycle,Yamaha,42.2620105,116.095104,4.8108305,139.011969,2020-05-08 01:15:45,145,171.76,13.33
807,Bicycle,Kawasaki,-30.151722,52.142302,-77.0267785,156.89151,2021-10-22 17:29:48,120,144.64,0.0
808,Truck,Toyota,-25.1886185,-79.919701,1.6984755,158.325486,2021-04-07 05:20:35,234,107.9,12.77
809,Motorcycle,Toyota,7.3711155,119.231355,44.4486485,-32.624245,2020-08-14 00:06:23,42,4.19,0.71
810,Car,Toyota,-76.464785,-145.835476,-8.8855655,-170.064542,2020-12-04 19:04:44,267,111.82,32.89
811,Car,BMW,-6.0022015,13.698706,47.0502785,-110.780235,2021-08-06 10:13:33,242,35.19,9.81
812,Bicycle,Yamaha,-81.0730925,37.004013,-70.9959525,-137.97685,2022-06-16 12:49:51,17,122.78,0.0
813,Motorcycle,Mercedes,23.830457,24.588151,75.193007,78.946353,2021-04-08 05:07:14,189,101.58,30.17
814,Car,Yamaha,-50.685323,-134.265872,65.6131965,21.41117,2023-07-10 17:38:06,35,145.73,19.85
815,Bicycle,Honda,-35.7104545,163.257365,79.0298485,-61.053664,2023-05-22 14:33:22,256,35.77,0.0
816,Truck,Trek,71.6391415,-165.822246,8.440707,-51.555856,2021-09-02 04:19:37,9,121.64,20.7
817,Motorcycle,Kawasaki,-75.529845,-152.426782,5.977131,-6.742931,2021-04-15 18:01:16,50,129.05,26.69
818,Bicycle,Tesla,-0.204737,68.132666,32.3465765,55.699882,2023-05-27 08:11:12,58,80.68,0.0
819,Car,Trek,-10.365034,-26.489115,8.163279,96.644825,2023-07-26 03:11:41,125,50.47,4.27
820,Truck,Trek,83.311357,-172.742641,-25.7503795,-117.717947,2023-07-28 08:38:43,262,26.11,2.54
821,Truck,BMW,4.8675685,94.320909,71.429021,104.803852,2020-04-26 07:30:15,119,73.2,15.06
822,Motorcycle,Toyota,20.181264,-120.759104,-37.7958775,15.448782,2022-08-12 21:02:03,96,152.87,12.91
823,Car,Kawasaki,79.976786,124.557274,-41.3990975,-50.764772,2021-04-23 15:48:12,178,9.27,2.12
824,Bicycle,Toyota,-55.322988,-62.310739,-10.684346,39.755807,2023-03-28 02:56:39,44,144.69,0.0
825,Bus,BMW,-3.210668,-111.327887,-42.3285205,-156.114399,2022-06-19 21:39:18,246,89.0,11.92
826,Bus,Yamaha,66.7792675,-121.82029,36.94873,-153.654246,2021-06-03 04:51:48,231,93.51,17.18
827,Bus,Yamaha,30.409061,41.112868,-2.6812315,138.030395,2021-12-14 17:05:25,234,29.65,2.8
828,Bus,Tesla,-44.8635895,76.579273,34.513632,-74.846551,2020-07-09 09:47:16,282,170.84,50.0
829,Truck,Toyota,-44.4114355,-138.693683,-30.7635855,-37.436944,2020-03-06 22:14:03,117,197.4,32.89
830,Bus,Trek,54.6698425,19.288946,-74.557357,65.294726,2020-12-01 15:15:34,7,16.78,0.88
831,Bicycle,Yamaha,-9.3786015,-82.927764,53.815984,114.41979,2020-09-08 22:08:58,29,164.78,0.0
832,Bicycle,Kawasaki,-9.9756175,-171.307317,18.6196305,-140.116981,2023-07-13 07:02:08,24,58.1,0.0
833,Bus,Honda,-40.7563345,-78.769626,-86.6001405,124.808569,2023-08-28 16:17:47,126,57.27,7.25
834,Bus,BMW,81.394897,-62.366742,-9.718038,125.01764,2022-01-14 14:37:51,140,67.26,11.92
835,Bicycle,Honda,-34.0087745,143.76821,67.7971055,151.607249,2021-03-12 03:28:30,19,28.65,0.0
836,Car,Kawasaki,-80.8059025,51.608171,-69.388779,52.343731,2022-02-24 12:15:05,39,92.18,22.17
837,Truck,Mercedes,-51.458792,70.257632,76.157351,30.413229,2023-09-21 23:45:09,93,178.4,41.22
838,Bus,Kawasaki,74.2632715,-172.318651,-45.4744795,140.126859,2022-07-09 21:01:44,288,193.99,24.35
839,Bicycle,Trek,48.2719,19.88474,16.5744305,178.641614,2020-12-17 11:24:54,38,69.24,0.0
840,Bus,Kawasaki,-29.3521785,3.686897,-37.905833,56.537303,2020-04-01 08:11:00,36,76.33,20.93
841,Motorcycle,Toyota,-67.490112,-153.298207,7.529307,-111.576204,2023-04-03 07:38:24,185,72.45,5.88
842,Car,Kawasaki,31.3564,54.125201,-53.9663545,-38.204472,2022-02-18 01:28:02,76,171.57,29.8
843,Bicycle,Mercedes,-0.2757485,-47.639916,45.1991745,-77.837172,2021-04-04 23:20:02,240,158.58,0.0
844,Bicycle,Trek,-42.255881,78.183593,-30.14529,-116.335044,2021-03-29 22:54:45,277,194.47,0.0
845,Truck,Tesla,-56.4162715,-175.379888,59.2575265,31.401548,2023-02-19 10:07:57,255,193.72,37.28
846,Car,Mercedes,-29.1396815,-47.271814,-50.6408005,160.993997,2022-03-30 17:34:43,124,130.99,23.61
847,Motorcycle,BMW,6.361844,133.756752,17.146123,-156.073051,2021-08-17 17:14:53,240,101.21,20.81
848,Bicycle,Kawasaki,22.8008505,79.556115,4.523272,-42.324975,2021-05-19 18:44:20,158,100.18,0.0
849,Truck,Toyota,-24.990704,-100.773921,-65.581223,119.570111,2020-06-01 03:07:20,174,24.19,3.44
850,Car,Honda,64.2309,114.20643,-23.5883695,27.428692,2023-03-04 18:48:43,278,155.77,10.85
851,Bicycle,BMW,-37.5189835,-5.839858,-49.092088,-56.226098,2023-03-27 20:01:56,151,134.05,0.0
852,Car,Toyota,-68.4795245,58.184674,7.9802935,-75.273909,2022-12-25 21:58:28,193,154.48,23.35
853,Car,Yamaha,-16.4423575,-139.058294,76.322064,72.305427,2022-09-26 19:22:45,20,35.53,6.39
854,Motorcycle,Mercedes,-46.832615,127.791838,22.8960715,-29.833174,2022-01-06 10:31:33,73,123.76,33.64
855,Truck,Mercedes,84.274415,-102.586631,75.3165695,31.346145,2023-08-24 04:06:13,222,35.63,4.74
856,Bus,Trek,-85.626708,-159.604192,57.633869,12.133178,2022-09-21 19:04:56,35,132.63,10.9
857,Bicycle,Tesla,60.050723,65.116223,-73.145146,79.819664,2022-12-10 20:25:54,61,61.19,0.0
858,Car,BMW,68.0802595,12.301428,68.0620085,175.09942,2020-05-19 03:37:14,205,185.86,26.5
859,Car,Toyota,89.2178055,-171.771073,-56.2245635,56.433507,2022-03-11 17:29:12,82,196.2,45.95
860,Bicycle,Honda,60.270813,74.270056,37.14595,49.617354,2021-05-11 14:14:24,49,4.56,0.0
861,Bus,Mercedes,85.7750315,-170.481015,-34.8432555,58.178946,2022-05-11 15:54:46,52,70.2,20.67
862,Bus,Honda,-84.875518,-113.665131,17.211313,89.451854,2023-02-21 10:39:03,32,95.63,18.27
863,Motorcycle,Yamaha,48.4601475,-179.979,-18.726392,-118.841262,2021-10-31 11:10:12,118,145.15,19.7
864,Bicycle,Toyota,87.6088525,70.19267,27.4191375,63.396406,2023-08-31 11:16:33,281,39.22,0.0
865,Car,Tesla,-82.368248,80.185331,-38.1660785,-17.660825,2022-04-14 10:17:14,137,159.63,39.0
866,Bicycle,Trek,86.1080195,-95.190632,10.792585,62.019165,2020-03-28 01:13:36,89,86.65,0.0
867,Truck,BMW,-54.2690055,157.233512,39.780224,155.872498,2023-01-16 20:43:19,163,96.0,27.24
868,Bus,Tesla,-36.851279,-73.304217,1.0877305,159.152452,2020-11-27 05:47:17,65,100.06,13.9
869,Car,Trek,74.123662,31.578571,72.572625,19.485874,2021-01-01 07:09:20,65,198.96,49.41
870,Car,Tesla,22.769826,-122.964553,-73.1691575,-93.245072,2023-08-28 00:31:50,44,120.46,21.72
871,Truck,Yamaha,23.717187,-99.668043,-10.0134385,-58.853975,2023-02-03 10:17:44,269,75.12,12.2
872,Motorcycle,BMW,-10.8179085,-112.379131,25.985478,172.381072,2020-11-05 00:58:00,48,45.51,7.34
873,Motorcycle,Mercedes,52.0996595,-15.492594,-85.648913,155.308812,2022-10-08 17:10:19,27,131.64,30.13
874,Bicycle,BMW,77.56082,-123.245962,-36.5587395,119.278415,2022-09-09 19:09:43,136,74.48,0.0
875,Truck,Kawasaki,23.2304035,-89.247512,18.772015,-35.979928,2022-03-29 14:52:54,95,129.51,24.92
876,Bicycle,Yamaha,64.081933,-131.525601,51.292006,68.921082,2020-12-04 21:44:39,34,14.53,0.0
877,Truck,Honda,37.409224,-6.728014,43.905291,-81.486662,2020-09-09 18:39:15,266,42.46,11.94
878,Truck,Trek,-14.4636595,-109.589157,-68.4297485,-8.876374,2023-02-19 01:39:12,116,161.6,47.49
879,Bicycle,Trek,-67.497919,-161.593671,-1.491405,-5.730025,2023-03-13 20:04:50,161,134.88,0.0
880,Car,Yamaha,20.794486,-93.183382,-18.038389,32.968217,2022-03-26 09:55:39,70,111.03,11.67
881,Motorcycle,Yamaha,-75.283296,-75.987166,-7.360763,-20.658525,2023-03-20 05:14:34,297,152.15,9.03
882,Motorcycle,Kawasaki,-12.956252,24.802745,-63.2044105,-160.418148,2023-05-10 04:06:30,174,35.2,5.28
883,Bus,Toyota,-30.3323995,-154.069086,37.5638475,50.870005,2020-05-22 01:47:21,133,121.87,26.55
884,Car,Tesla,-61.474726,-157.290803,-42.43743,65.160742,2023-06-08 23:15:01,265,162.22,19.14
885,Bicycle,Yamaha,-9.483149,57.612613,-39.0715425,173.07419,2023-03-28 23:32:31,285,52.1,0.0
886,Car,BMW,-23.151727,-59.980234,49.3018985,-166.446427,2020-01-21 17:14:14,181,142.48,34.52
887,Bicycle,Tesla,-49.809441,120.409125,25.2052165,72.382112,2021-04-19 20:25:47,143,137.33,0.0
888,Truck,Kawasaki,55.77694,-141.804685,-49.456523,143.345482,2023-08-28 04:11:09,61,51.26,12.95
889,Bus,Kawasaki,57.9950125,-137.882512,85.4424855,-2.231438,2021-09-28 21:49:28,35,151.9,25.06
890,Truck,BMW,84.296491,-114.81327,72.6106455,21.392309,2022-03-08 10:27:47,229,121.97,33.94
891,Truck,Honda,-83.281622,142.09845,47.1383615,115.766555,2022-05-06 03:31:40,277,189.4,15.47
892,Truck,Kawasaki,14.439059,-70.634752,30.525046,111.011584,2023-01-17 10:51:51,297,3.24,0.6
893,Truck,BMW,-21.309154,164.007661,-11.4015685,144.757122,2020-07-13 13:29:45,65,110.34,22.26
894,Motorcycle,Honda,24.597347,-83.92686,80.15598,-22.62735,2022-10-30 23:42:37,96,162.4,21.7
895,Bicycle,Yamaha,2.906164,-80.913376,22.06107,-21.808722,2022-10-22 13:09:19,257,79.71,0.0
896,Car,Trek,-48.907828,36.132989,81.891767,61.063527,2021-07-06 09:20:20,79,7.96,1.58
897,Bicycle,Kawasaki,34.5215515,108.336754,76.4383165,-130.465963,2023-09-03 04:26:44,79,94.85,0.0
898,Bus,Yamaha,-51.8580365,147.427014,81.0418885,78.955856,2022-12-24 05:59:21,115,195.18,46.6
899,Motorcycle,Mercedes,49.744703,177.157369,-52.642327,-140.517859,2021-10-29 13:01:16,239,132.37,13.45
900,Truck,BMW,-86.7502915,-150.151963,-29.428817,124.663703,2021-02-08 17:38:29,117,29.22,7.66
901,Car,Kawasaki,40.3617255,-61.44881,-25.951084,140.555836,2023-03-07 19:50:54,153,131.37,27.53
902,Car,Toyota,-36.107519,-176.345296,-74.468884,69.306492,2021-01-07 22:55:29,84,107.27,5.88
903,Truck,Kawasaki,-32.6590065,176.814892,-24.462224,-36.855619,2020-12-18 23:59:47,175,38.98,6.63
904,Truck,Kawasaki,26.9478655,160.299989,-75.2876845,-26.192497,2022-05-25 14:07:11,151,98.65,7.77
905,Truck,Yamaha,12.8204845,-57.602687,-69.686107,96.124704,2023-08-11 20:34:25,103,25.05,2.25
906,Bicycle,Kawasaki,9.0707295,64.425883,74.247014,-51.074874,2022-10-28 03:12:12,159,67.67,0.0
907,Bicycle,Toyota,16.704371,-71.162321,22.50111,-133.971156,2021-11-09 16:11:31,218,62.25,0.0
908,Car,BMW,-4.030526,-89.730741,51.463198,150.981366,2023-09-26 19:40:22,114,103.74,19.13
909,Bus,Kawasaki,2.9682365,138.342844,-30.2151285,144.430159,2022-05-25 22:02:27,30,70.77,10.97
910,Truck,Trek,-54.6193745,159.606832,3.4822375,53.254648,2020-08-07 00:30:41,300,13.36,3.75
911,Bicycle,Yamaha,-29.1054455,149.809988,18.1689495,41.272568,2022-07-26 20:21:18,167,174.61,0.0
912,Car,Mercedes,-66.839194,-147.142487,8.1555545,117.72309,2020-11-26 03:22:42,289,170.2,30.81
913,Bicycle,BMW,51.1667195,-18.165738,-53.6639075,173.791132,2021-01-30 03:04:02,210,57.87,0.0
914,Car,BMW,81.6016795,-172.901181,73.01788,142.113498,2023-09-21 00:14:11,147,126.54,27.84
915,Truck,Mercedes,33.116501,93.198797,-10.0494925,88.771894,2021-06-17 13:50:19,267,79.82,5.34
916,Bicycle,Trek,-68.4162185,-179.890395,-63.1964615,-174.281577,2020-04-12 02:15:08,50,10.32,0.0
917,Bicycle,Tesla,2.065819,81.307204,-41.7829645,-162.804251,2020-06-16 19:20:45,85,10.01,0.0
918,Car,Honda,-43.8995015,-143.761872,-2.690152,148.49281,2021-06-01 23:19:33,135,74.12,17.28
919,Truck,Toyota,-5.5436785,9.712028,47.855411,10.269042,2022-09-22 05:16:33,282,17.47,3.69
920,Truck,BMW,-12.2095975,-10.053157,26.7870625,168.71177,2022-08-24 07:47:23,125,50.3,13.98
921,Car,Yamaha,35.44137,75.18283,-60.623855,-56.603455,2023-07-06 08:35:22,206,135.94,38.36
922,Car,BMW,62.50481,-152.598452,-53.8176175,121.111371,2021-02-22 14:26:31,299,89.35,10.88
923,Motorcycle,BMW,-20.722211,-154.610764,84.9104755,-76.401122,2023-05-25 19:34:35,44,152.51,21.67
924,Bus,Toyota,-18.2036205,-127.944472,66.7013045,149.915984,2023-06-21 04:58:49,258,169.18,40.44
925,Bicycle,Yamaha,48.110115,-132.211396,58.0220305,24.472015,2020-03-07 07:59:23,203,130.84,0.0
926,Bicycle,Yamaha,-8.036975,-17.522173,82.124774,23.713062,2022-10-24 14:59:09,106,129.15,0.0
927,Car,Trek,-88.7629855,-19.220518,70.423984,-28.620477,2022-10-10 20:00:06,106,69.99,14.85
928,Truck,BMW,63.8204225,167.194335,54.2209315,-54.44025,2021-05-28 05:34:51,175,174.06,47.14
929,Bicycle,Honda,48.531017,-44.712383,68.214968,-69.333701,2022-12-17 03:26:44,55,189.19,0.0
930,Bicycle,Toyota,42.205992,8.358387,-29.277498,119.411912,2023-08-14 16:07:30,282,61.42,0.0
931,Motorcycle,Tesla,66.010499,-62.155472,42.039786,173.519908,2021-03-01 02:00:59,236,192.03,26.96
932,Bicycle,Kawasaki,2.4460605,-107.668159,-49.6419295,77.504659,2021-11-18 17:59:13,175,37.38,0.0
933,Truck,BMW,29.0279555,-118.735022,59.081048,-126.27422,2021-08-14 00:53:15,170,127.51,14.63
934,Motorcycle,Mercedes,-32.913204,4.470011,-18.9605955,-37.721456,2020-01-19 18:17:41,62,103.03,19.48
935,Bus,Trek,-37.77552,-112.504962,-44.6191615,98.607188,2021-02-15 17:01:39,264,118.16,6.76
936,Motorcycle,Yamaha,42.127008,45.936532,-51.8323295,115.067802,2023-03-02 00:36:37,147,188.79,24.59
937,Truck,Honda,39.168349,81.611163,-58.9600105,92.862701,2020-09-20 22:59:55,28,105.9,25.44
938,Bicycle,Toyota,20.903214,141.922079,-32.722032,-134.898269,2021-10-04 20:52:05,153,133.58,0.0
939,Bicycle,Toyota,-73.581003,-104.191427,80.2712935,-79.812354,2020-08-11 07:21:36,198,103.38,0.0
940,Car,Honda,-84.1146135,34.101764,77.465928,-35.945985,2022-04-29 02:12:03,153,143.07,24.98
941,Bus,Yamaha,67.4695055,-56.030692,4.143109,-116.805575,2022-02-02 07:58:31,126,8.12,2.36
942,Bus,Kawasaki,-27.7888055,-162.645557,-72.0149115,125.829973,2021-06-23 21:01:12,264,30.24,6.67
943,Truck,Mercedes,59.7196815,-161.507494,4.1641705,-46.645737,2020-05-09 15:02:51,42,23.69,2.04
944,Bus,Kawasaki,-84.6140165,-72.454085,78.078038,-24.095193,2021-02-05 03:03:38,102,67.55,7.43
945,Motorcycle,Tesla,62.210545,-146.762522,80.4735835,105.211317,2021-10-02 21:16:20,194,12.49,2.65
946,Bicycle,BMW,22.8029175,-129.537175,46.658218,84.307648,2021-06-22 01:17:08,213,9.58,0.0
947,Bicycle,Honda,41.819604,-64.218608,8.080297,-63.871177,2020-05-15 08:08:58,187,164.03,0.0
948,Bus,BMW,-19.926595,-155.556228,84.291728,97.422795,2022-08-05 10:02:22,22,114.22,15.18
949,Motorcycle,Toyota,32.193795,15.460395,34.4064635,87.984357,2022-06-10 20:33:01,215,60.9,17.88
950,Bus,Trek,78.343174,34.732489,7.4775835,-46.331139,2020-06-23 06:08:20,27,119.4,8.9
951,Bus,Trek,75.5211485,61.119088,61.1941015,161.893964,2023-05-22 19:13:41,250,100.92,13.29
952,Truck,BMW,20.9642885,42.309423,-10.2610165,-81.925639,2020-11-05 05:34:21,96,141.39,10.77
953,Motorcycle,Yamaha,-46.123191,141.520946,32.4600945,-67.933336,2021-12-20 06:00:17,260,46.32,7.17
954,Truck,Yamaha,33.185748,-6.32697,24.7499415,-12.978226,2021-02-07 19:34:39,201,72.23,17.88
955,Motorcycle,Honda,63.6205575,-29.645771,48.954678,166.361788,2023-05-10 12:15:06,156,106.12,20.73
956,Bus,Trek,-6.652982,-102.817451,-36.314327,-146.518585,2020-12-30 01:24:32,107,31.59,4.13
957,Motorcycle,Tesla,-42.778131,-24.609321,27.2132715,86.417069,2020-09-28 06:35:13,76,143.41,27.63
958,Truck,Mercedes,27.345986,-60.673848,80.490813,-8.626876,2021-03-07 02:24:49,98,33.74,2.71
959,Motorcycle,Kawasaki,42.081828,32.661063,-73.055758,-25.744373,2023-04-13 22:12:16,97,21.42,6.0
960,Car,Mercedes,67.0656915,161.921164,34.7093325,-32.44757,2020-09-25 10:13:13,156,59.89,6.79
961,Motorcycle,Toyota,-85.519546,-135.677142,-37.036526,-129.736754,2020-05-01 23:31:59,140,144.02,31.31
962,Motorcycle,Yamaha,66.9208025,-78.804535,60.98782,-143.710317,2021-10-02 07:21:47,245,160.27,23.52
963,Truck,Toyota,48.5414055,-83.435116,15.6282075,-153.8115,2020-10-21 22:10:04,115,42.41,2.67
964,Bus,Honda,-83.746891,-62.772361,8.693495,105.322605,2023-04-08 18:30:04,22,137.35,39.89
965,Motorcycle,Trek,-26.816756,-0.996495,21.787876,-58.149197,2023-02-23 02:39:03,263,115.59,9.51
966,Bicycle,Yamaha,51.4020185,156.48045,73.48703,-89.570298,2021-03-07 21:50:26,98,152.49,0.0
967,Bicycle,BMW,14.1196465,3.931577,-36.5773915,60.900876,2022-05-11 06:50:29,263,187.29,0.0
968,Car,Kawasaki,59.6126625,-100.433187,-76.247899,-38.415444,2023-04-20 17:12:44,296,174.31,19.4
969,Bicycle,Tesla,9.585315,141.132935,-67.7999005,-116.838455,2022-01-03 00:54:28,147,195.95,0.0
970,Bicycle,BMW,29.135212,97.407132,28.5701885,-177.549456,2021-04-05 04:02:06,169,35.78,0.0
971,Truck,Kawasaki,17.603336,14.888368,-0.4370185,177.52783,2023-05-24 23:40:40,97,76.91,13.33
972,Car,Tesla,73.457177,-164.672291,35.740741,-134.133411,2021-06-21 07:41:30,20,41.6,3.28
973,Truck,Tesla,26.283031,167.366249,-88.9711,45.583028,2023-04-03 18:22:13,227,26.06,7.67
974,Truck,BMW,-20.138786,29.870899,-66.7285255,100.452238,2023-07-21 22:33:44,145,16.41,4.3
975,Bicycle,BMW,1.424912,-88.775309,-69.3695025,-50.797592,2020-12-02 18:58:43,243,98.94,0.0
976,Truck,Honda,8.118268,-154.056541,17.3359705,-67.171425,2021-03-16 06:45:20,167,156.63,38.53
977,Bicycle,Toyota,-34.593153,-155.932695,69.509218,129.468733,2020-03-28 11:35:55,218,144.33,0.0
978,Truck,Trek,43.644931,-117.44653,-43.1770045,-13.919133,2022-02-24 16:50:58,128,104.5,26.68
979,Bus,Mercedes,-16.324219,-50.747324,-62.60161,151.976046,2021-06-02 04:09:35,208,36.38,2.58
980,Car,Mercedes,-50.8818325,-171.278438,23.9392605,122.328584,2020-07-22 13:16:50,193,8.58,0.99
981,Bus,BMW,-22.6436735,-123.61968,-67.5366355,-57.429271,2020-07-30 22:33:56,49,192.38,13.18
982,Motorcycle,Mercedes,40.034856,-24.177027,-22.602196,-56.803129,2023-09-29 02:45:12,153,41.93,5.79
983,Motorcycle,Trek,-38.3838335,37.362657,-13.3549255,-38.024296,2020-10-01 01:26:35,65,176.99,14.82
984,Car,Toyota,-8.16903,0.228786,31.238829,158.541416,2023-04-01 01:15:05,208,97.85,24.13
985,Bus,Trek,31.036545,-89.125528,50.4196175,61.703119,2020-08-31 09:45:33,129,107.03,8.2
986,Motorcycle,Yamaha,-19.642453,-63.457352,-9.4396345,-2.242045,2020-03-26 00:08:43,63,109.56,21.7
987,Bicycle,Honda,29.107771,-113.218441,-18.89171,44.018509,2021-12-24 19:55:23,253,30.89,0.0
988,Car,Kawasaki,-20.971041,-24.021745,7.6917065,24.433716,2022-12-10 12:52:42,54,36.71,10.55
989,Car,Mercedes,81.729978,-118.368213,59.5236545,56.6047,2022-12-15 12:19:49,179,180.32,10.56
990,Bicycle,BMW,77.8621345,-54.35052,-6.3284425,79.502667,2020-07-18 02:53:36,245,138.02,0.0
991,Bicycle,Toyota,82.2909445,-10.723181,-62.6608225,19.456388,2022-05-10 23:02:07,17,128.35,0.0
992,Bicycle,BMW,7.9185635,-42.106403,-63.053051,9.457784,2022-06-07 15:39:46,12,106.31,0.0
993,Bicycle,Honda,-37.5245215,36.258886,30.538848,-71.387589,2022-08-04 17:11:00,275,96.63,0.0
994,Motorcycle,Honda,-33.616434,69.972314,16.252038,90.84608,2022-07-14 23:17:08,180,39.21,8.58
995,Car,Yamaha,-20.1964165,172.234047,4.5188055,-142.123114,2020-04-07 03:56:19,189,62.69,17.97
996,Truck,Kawasaki,-9.627777,59.684486,-71.5466865,-80.98,2022-03-27 14:39:22,10,22.25,3.81
997,Motorcycle,Yamaha,-52.783005,-19.306861,76.4599275,-93.216226,2020-07-29 18:41:38,43,62.32,8.0
998,Truck,Trek,35.040644,5.136627,-67.9210445,153.122839,2022-04-30 10:41:16,209,193.1,28.15
999,Bicycle,Toyota,42.057548,-124.311795,33.264558,-163.874255,2020-05-29 22:03:19,74,137.07,0.0
1000,Car,Toyota,2.7688155,97.077154,24.8335055,108.89307,2021-04-22 07:12:54,128,193.28,33.41
