entry_id,latitude,longitude,date_and_time,noise_level_(db),source_of_noise,duration_(secs),comments
1,24.7262495,98.509933,2022-02-08 16:22:08,103.6,Air Traffic,3487,
2,-85.1191275,66.492936,2022-09-30 23:24:12,99.5,Construction,2627,
3,19.54255,-18.354235,2022-01-05 06:43:29,117.3,Machinery,3233,Free air go.
4,71.8207445,-169.89529,2022-01-03 04:56:38,91.5,Machinery,2591,
5,-51.1531435,172.364987,2021-11-18 12:54:55,54.8,Machinery,635,
6,75.5360735,-144.585223,2022-09-13 09:32:31,109.6,Traffic,2352,
7,-53.780817,-154.289858,2021-12-07 06:00:19,82.9,Traffic,2332,Statement indeed trip any bag late.
8,-35.2271235,173.77402,2020-08-21 03:16:26,71.5,Air Traffic,2801,
9,-66.542203,-167.48779,2021-03-01 21:50:36,70.3,Traffic,1264,
10,-65.491796,-18.612466,2020-03-28 09:57:28,47.3,Air Traffic,2889,
11,-78.108837,58.075059,2023-08-23 17:57:29,49.4,Construction,2321,
12,-41.387689,-35.819298,2021-01-29 17:05:49,69.2,Events,2096,
13,-52.8863685,-41.851892,2020-07-22 19:10:46,49.5,Machinery,3143,
14,-23.6863985,81.101514,2021-11-03 20:00:45,58.0,Traffic,1413,
15,84.6637805,-54.849595,2023-08-20 20:05:29,78.0,Air Traffic,1122,
16,-83.390347,8.479243,2021-10-01 13:51:43,92.4,Air Traffic,2148,
17,13.7254255,-100.997288,2021-10-27 05:15:57,50.0,Railways,354,
18,45.9858205,136.051268,2020-11-24 04:55:50,111.9,Machinery,1032,
19,13.99327,124.842007,2023-06-10 20:03:25,103.4,Events,2361,
20,-26.64275,67.648466,2021-12-03 07:58:44,47.5,Natural,1946,
21,89.3917095,-81.040599,2021-11-17 06:00:06,68.9,Events,527,
22,-61.001869,-143.48615,2023-02-21 06:40:12,80.7,Air Traffic,3483,Add Congress whatever meet.
23,-4.489573,-139.465979,2020-01-10 06:12:01,93.7,Construction,2571,Chair season face bed policy.
24,-89.707122,-120.388373,2021-07-07 19:53:19,84.7,Traffic,1823,Cost drug main color.
25,-76.629703,-164.030004,2023-01-11 11:10:39,60.4,Natural,1047,
26,-28.279019,82.193145,2020-01-31 07:17:39,43.7,Air Traffic,3488,
27,-74.4508305,-31.097403,2020-08-31 00:12:36,101.7,Construction,3498,
28,-80.1922055,19.993204,2021-04-01 04:40:27,60.4,Railways,2792,
29,-6.1264015,26.946842,2021-05-10 09:43:06,71.1,Industrial,1873,
30,-27.2883025,-46.499009,2022-04-24 09:42:48,71.8,Events,723,Form agency perhaps another security.
31,-36.0285065,104.394536,2020-04-22 06:40:24,116.8,Railways,1578,
32,-67.672588,140.814517,2020-01-11 12:18:40,75.1,Traffic,578,
33,87.0268265,49.608042,2022-09-18 15:29:51,59.7,Industrial,3489,
34,66.1865575,99.049277,2023-01-05 13:50:24,81.2,Construction,3593,
35,67.1910195,-134.785399,2022-12-05 00:26:24,90.9,Railways,869,
36,64.3569585,-72.908055,2022-08-12 13:49:57,85.8,Machinery,577,
37,30.0182255,15.776086,2021-01-25 07:45:19,106.3,Traffic,391,
38,-45.089173,-73.549414,2021-09-17 23:29:24,58.0,Machinery,2221,Administration operation because discussion federal.
39,-61.651091,130.783235,2021-10-29 07:16:03,113.4,Railways,1382,
40,-13.9786485,0.251299,2020-06-15 21:02:53,122.6,Events,863,Last reason prevent officer room ask.
41,33.743466,-143.996717,2020-04-09 08:13:14,59.3,Air Traffic,73,
42,-35.761369,123.766355,2022-07-22 12:52:13,64.0,Construction,868,Draw follow lead or edge.
43,-57.0203245,-25.897534,2022-03-26 07:41:18,100.7,Railways,368,
44,81.7083985,-87.171113,2021-08-17 09:48:34,44.6,Natural,1523,
45,53.4108655,-72.674683,2021-08-31 00:30:55,98.8,Natural,3554,Above together wall message oil million.
46,-81.0213705,10.215649,2023-01-31 23:26:02,92.1,Traffic,772,
47,-4.1691595,13.222784,2023-08-03 09:58:33,90.2,Natural,2045,At official fly price reflect.
48,16.704257,94.962931,2021-01-25 23:21:01,80.9,Events,1446,
49,58.5505705,-159.340029,2023-04-12 19:36:55,76.8,Industrial,3475,
50,-89.5723435,100.864299,2020-03-04 23:39:53,122.1,Machinery,348,
51,-34.808082,-143.686002,2020-01-22 01:02:17,72.1,Industrial,632,
52,72.333281,-35.19303,2020-01-24 21:08:06,116.1,Machinery,695,Store fine myself imagine base.
53,-73.276299,-70.036992,2021-07-02 14:45:10,94.1,Industrial,2639,
54,-56.443524,90.092146,2021-02-26 15:14:02,87.8,Traffic,1790,
55,-8.471584,170.963493,2021-12-18 20:43:36,125.6,Natural,3501,
56,45.541341,-111.163898,2020-01-07 02:25:26,104.9,Traffic,3016,Address audience six technology every why other.
57,26.316609,86.143679,2020-05-19 11:16:01,71.2,Machinery,3553,
58,-6.0278635,170.978754,2023-03-11 09:07:35,110.4,Traffic,256,
59,64.6338265,1.714119,2023-09-07 05:09:55,101.4,Traffic,443,
60,-57.1848325,38.010383,2023-07-22 07:00:26,65.9,Construction,712,
61,-40.9838745,32.788818,2022-01-01 05:19:22,118.3,Industrial,1344,
62,78.273121,34.212394,2023-04-30 17:33:29,75.3,Industrial,214,
63,30.8851215,94.014262,2022-03-28 21:42:27,72.7,Events,1884,
64,23.231002,-19.871523,2021-11-13 09:21:23,46.0,Traffic,2993,
65,-43.148333,6.278608,2023-06-26 12:13:59,93.4,Construction,144,
66,4.897705,-72.997285,2022-06-04 06:14:21,62.0,Machinery,1294,Weight moment left street.
67,-80.355102,-118.638796,2020-11-06 04:38:40,51.3,Events,1031,
68,84.785471,-96.208257,2022-06-09 21:39:06,58.1,Events,2379,
69,-20.412337,-10.907537,2022-06-17 07:25:03,56.6,Machinery,84,North fill phone health more.
70,1.1699315,-1.830841,2021-06-13 15:23:29,58.6,Railways,1489,
71,42.2028855,-164.227057,2021-10-02 15:03:24,123.4,Construction,795,
72,-72.4194815,-75.233828,2020-02-19 14:06:45,128.2,Traffic,2275,
73,-14.428756,-112.217259,2023-08-27 11:09:06,46.2,Construction,1465,
74,-48.336265,-34.953368,2021-12-08 20:33:23,89.2,Natural,864,
75,77.918633,88.586709,2022-02-21 05:04:09,83.8,Natural,1918,
76,72.6593355,67.21885,2020-10-04 23:20:32,94.4,Industrial,2137,
77,51.151846,-30.684733,2022-09-19 04:42:15,109.2,Events,2275,
78,20.3744435,159.082028,2020-04-12 11:45:32,81.0,Natural,147,
79,-77.4300415,28.956218,2023-09-14 05:34:47,44.8,Air Traffic,743,
80,85.6416545,-78.234006,2021-03-22 16:31:05,104.2,Air Traffic,2204,
81,85.743151,7.59794,2020-06-03 15:55:21,88.0,Traffic,823,Meet notice throw newspaper represent mission.
82,28.2455125,-81.915753,2023-02-08 04:32:42,87.0,Industrial,3186,
83,-56.8923045,18.494272,2023-06-25 08:55:11,120.7,Natural,970,
84,-89.111058,-117.144288,2021-10-26 23:25:38,68.0,Industrial,212,
85,40.1577595,-43.239062,2021-02-22 05:17:10,55.0,Events,2204,
86,-61.145795,-92.290995,2023-07-01 11:40:24,59.0,Natural,2225,
87,-58.2334625,121.452878,2021-11-14 21:58:51,66.5,Industrial,693,
88,26.767558,85.954729,2023-06-05 15:15:19,70.9,Traffic,357,
89,-77.309143,-119.207004,2020-03-18 09:18:08,45.2,Air Traffic,784,
90,-34.6874265,49.415651,2022-03-05 19:31:57,92.5,Air Traffic,2467,Leader sometimes avoid why.
91,37.896444,-116.262717,2020-12-10 10:37:39,52.7,Traffic,478,
92,23.95907,19.587196,2020-10-02 23:21:12,56.8,Natural,595,
93,-82.554715,99.727487,2022-06-18 15:50:19,71.3,Machinery,782,
94,-35.458867,154.828343,2020-09-10 20:39:25,77.8,Construction,1560,Support right sell watch friend individual present.
95,53.540437,1.382159,2021-07-11 05:39:00,58.0,Industrial,2074,
96,87.87846,-18.678049,2020-03-06 07:57:01,107.4,Natural,419,
97,-77.9112265,-97.486758,2020-11-30 02:40:28,70.2,Industrial,3586,
98,-1.4657195,-66.188908,2022-02-01 08:33:06,80.5,Industrial,190,
99,82.7460655,-70.143586,2023-08-06 11:25:32,75.8,Construction,1063,
100,-17.465145,-93.984699,2023-04-08 06:16:40,40.8,Traffic,3536,
101,-43.6486425,151.864361,2023-07-10 16:32:52,52.6,Traffic,2893,
102,58.4333445,-34.729993,2020-07-12 10:25:17,72.6,Traffic,885,
103,-4.0810275,-93.064405,2022-08-01 21:55:34,125.7,Railways,1726,
104,-45.4830165,-143.175462,2021-12-10 09:54:46,93.6,Machinery,1978,
105,36.6435225,-101.246211,2020-08-28 08:38:00,41.6,Construction,3013,
106,35.8352115,32.100906,2023-06-21 01:18:06,69.7,Machinery,789,
107,-32.8525305,-165.98612,2022-10-26 20:58:26,117.4,Railways,627,
108,37.2768025,-71.341554,2022-08-21 12:11:19,69.6,Railways,2030,
109,-64.88408,0.935475,2023-04-09 17:44:37,46.6,Events,276,
110,-43.423725,-64.227371,2020-05-28 10:15:35,108.1,Construction,1248,
111,-36.671755,52.315235,2023-05-26 02:54:10,43.5,Natural,2676,
112,44.2552925,-0.758081,2020-01-31 14:30:16,120.6,Air Traffic,719,
113,-68.016015,158.654913,2020-09-07 14:23:26,41.6,Traffic,2650,
114,-89.8027575,-9.796698,2020-09-28 20:55:51,119.4,Traffic,2519,Possible Congress TV involve pressure laugh dream.
115,-85.4832735,-54.144649,2022-06-28 05:38:15,91.2,Natural,1089,
116,9.075597,-22.383088,2021-11-10 16:13:47,89.5,Industrial,650,Six like paper.
117,-42.984982,-116.404176,2021-12-29 00:32:08,76.5,Air Traffic,1636,
118,-0.173692,8.601594,2022-10-21 14:16:29,90.1,Traffic,1931,
119,88.6465,-87.481531,2020-01-19 09:40:39,101.9,Events,2958,
120,25.395644,174.099106,2020-12-27 18:33:52,113.9,Air Traffic,283,
121,-69.635162,-135.946091,2022-12-30 18:53:13,87.3,Construction,3038,
122,-50.8719465,-173.122029,2023-08-17 01:07:47,107.9,Natural,2003,
123,-67.5805225,-50.885404,2023-05-21 19:37:28,73.0,Traffic,3077,Process simple good area whose.
124,52.5364075,75.739688,2021-01-08 11:42:54,106.7,Industrial,1217,
125,73.7244545,94.709969,2022-05-03 22:44:27,106.2,Natural,1760,
126,-80.1554565,-163.981905,2022-10-19 19:06:40,65.7,Natural,1750,
127,83.142595,170.442284,2022-03-05 03:37:43,125.5,Construction,3511,
128,-77.420286,-145.18176,2023-04-19 00:00:04,86.0,Railways,2737,
129,-66.684136,-5.867087,2020-07-18 06:43:14,59.1,Railways,3126,
130,-86.8630985,96.796723,2021-02-02 14:59:12,129.7,Natural,332,
131,88.609785,-16.305154,2020-07-30 03:07:28,47.8,Construction,1593,
132,-50.4972925,126.097696,2023-01-06 12:22:44,86.6,Machinery,3548,
133,-22.1503225,-147.175507,2022-11-09 16:13:35,112.4,Events,3553,
134,4.8864395,-160.038405,2021-07-07 01:42:50,112.3,Construction,2046,
135,-59.423095,-40.141832,2021-01-20 12:59:54,61.1,Natural,556,
136,-0.6456155,-138.088212,2020-03-05 04:58:05,101.8,Railways,860,
137,-31.1467635,-2.217407,2020-09-24 21:07:04,90.3,Natural,324,Whether get represent air size quite few.
138,-39.4860805,-95.663239,2022-05-02 22:00:19,42.4,Industrial,1802,
139,53.5200745,147.720292,2021-01-23 10:48:20,91.5,Machinery,2290,
140,-79.527928,12.687906,2021-02-23 13:31:21,53.8,Traffic,1314,
141,-55.0520945,-143.691205,2022-12-06 17:36:25,66.4,Natural,474,
142,13.807245,-147.741638,2021-04-06 17:35:38,53.6,Construction,2971,
143,70.1119835,-11.220122,2020-02-01 22:10:43,95.7,Machinery,2869,
144,69.612951,-19.079,2021-12-11 14:10:29,75.5,Events,1578,
145,-19.5287385,-58.581384,2020-11-23 00:02:04,50.8,Railways,815,
146,-42.113201,136.412072,2021-04-15 19:49:03,51.2,Construction,2212,
147,15.776873,-119.002623,2022-11-29 12:52:58,76.3,Industrial,2503,Food mind long team.
148,-87.062524,-61.188247,2020-03-12 20:51:08,76.0,Natural,1048,
149,-29.2371465,102.950092,2022-07-31 11:25:20,48.4,Industrial,1697,
150,3.680918,88.226588,2021-08-08 13:25:39,46.3,Industrial,699,
151,37.3077715,-135.812586,2021-08-19 06:07:45,57.0,Industrial,545,
152,-9.02601,-173.752874,2020-11-19 23:24:32,44.5,Traffic,1634,
153,-35.3804555,121.493685,2020-01-03 21:53:24,126.3,Industrial,8,
154,66.582071,-41.389877,2021-07-13 08:46:48,67.4,Construction,2836,
155,-57.157573,111.621335,2020-10-30 11:56:55,89.0,Air Traffic,831,
156,4.60062,-171.012108,2020-03-30 00:06:09,71.5,Railways,3322,
157,-40.8921585,-179.650186,2022-11-24 05:04:35,109.6,Industrial,2437,
158,-53.560645,-101.951017,2020-12-06 10:52:59,64.2,Air Traffic,308,
159,62.2771595,117.940123,2021-03-23 02:38:58,92.3,Traffic,2099,
160,-35.5651925,163.687657,2020-07-09 22:30:37,129.5,Railways,1650,
161,61.812683,-36.819024,2022-12-26 03:40:23,89.3,Industrial,2917,
162,-55.06432,-8.547433,2022-06-09 01:10:34,101.6,Traffic,2437,
163,15.745321,-148.379099,2022-10-06 09:03:59,120.6,Industrial,2024,
164,-17.2337755,6.213008,2023-03-24 16:18:22,120.0,Events,3494,
165,-8.0938125,-8.798887,2022-01-07 16:45:06,54.1,Industrial,580,
166,-85.2898565,-44.069337,2021-06-08 09:50:48,63.5,Construction,3256,Hour per but event reach father century hard.
167,-14.066387,-151.350202,2023-09-08 07:57:20,68.4,Railways,2974,
168,20.555294,4.939915,2023-07-28 11:22:26,118.3,Traffic,1493,
169,-29.1584555,29.39637,2021-05-14 02:45:49,55.4,Machinery,1796,
170,-21.6606485,18.79512,2020-12-11 22:50:14,57.6,Railways,1620,Nor full line past according measure husband.
171,-82.904198,-159.51353,2020-07-24 21:07:48,94.5,Machinery,99,
172,-63.693079,-139.952837,2020-07-27 09:55:11,124.7,Events,3208,
173,88.4075035,-49.504068,2022-10-18 20:53:30,55.1,Traffic,2617,Likely add agency anyone international near.
174,73.23811,-16.24744,2020-05-12 15:44:25,70.1,Events,2064,
175,-75.1585535,36.697621,2020-03-26 08:25:28,123.2,Industrial,1629,
176,77.298221,146.792189,2021-06-21 06:31:46,46.2,Construction,2839,Paper financial join.
177,69.4540445,105.69514,2023-08-10 16:09:10,89.0,Industrial,2943,
178,-18.5489805,107.189146,2020-11-16 06:17:27,64.1,Natural,812,
179,6.8530995,-131.432499,2022-07-17 07:25:12,56.0,Events,82,
180,78.520857,116.633836,2020-02-13 13:56:36,78.2,Industrial,1914,
181,-30.191749,-177.260006,2021-10-16 03:11:56,111.9,Traffic,61,
182,-25.930622,105.542316,2023-05-12 20:33:34,62.9,Construction,225,
183,-17.476444,75.737119,2021-08-28 21:48:41,110.3,Construction,1447,Cultural indicate recently full relationship southern old game.
184,-1.4124735,-4.673168,2020-07-22 09:51:13,45.4,Industrial,1834,News happen natural develop.
185,-67.5953565,-127.262034,2020-09-26 02:51:37,50.0,Natural,849,Mr during mean order despite.
186,54.1311085,129.71796,2020-07-16 10:35:44,115.7,Traffic,2536,
187,-12.4339125,105.454416,2023-08-24 08:50:44,92.2,Construction,1313,
188,10.2850695,-30.457416,2020-10-08 16:51:23,76.4,Air Traffic,981,
189,74.855958,-147.160269,2023-04-10 15:38:30,58.0,Railways,2471,
190,-49.2704105,129.986014,2022-07-17 07:58:17,63.9,Traffic,3406,
191,45.5849775,-177.754603,2020-03-15 21:27:58,98.0,Events,1631,
192,-66.119512,89.260824,2023-04-20 13:38:28,46.1,Events,3442,
193,-67.518302,-172.662718,2021-05-23 06:06:39,50.1,Construction,1497,Until summer resource in dream performance again rather.
194,30.955914,128.90478,2022-06-02 21:36:39,119.3,Railways,118,
195,-55.7103125,4.909112,2020-11-23 19:19:39,121.6,Machinery,522,Teacher stay court prepare hair report open.
196,-27.266263,172.626486,2022-07-15 02:12:42,75.7,Air Traffic,3593,So feel son list couple.
197,-53.0138075,179.222415,2021-07-21 02:02:37,82.2,Railways,2183,
198,-27.3116655,-134.602103,2021-03-06 07:30:01,118.0,Machinery,2005,
199,77.978024,-89.709939,2020-09-26 20:31:50,119.9,Traffic,3315,
200,38.5852665,-65.543748,2021-05-06 18:11:46,117.7,Natural,527,
201,13.3725105,-169.002139,2020-10-25 14:15:40,72.9,Industrial,1281,
202,86.0983265,17.320877,2020-11-10 12:30:38,114.6,Traffic,1828,
203,-11.886567,-3.940729,2023-07-16 20:12:13,96.5,Construction,1592,
204,-27.281745,155.168343,2020-04-10 01:56:51,67.0,Construction,2427,
205,76.501557,-82.909294,2021-06-13 01:19:46,50.2,Industrial,2893,
206,-44.57099,54.082393,2020-08-22 14:19:37,126.0,Industrial,2231,
207,26.230338,14.764906,2023-07-18 22:19:43,42.9,Railways,436,
208,10.2162495,-100.962324,2023-01-31 19:02:35,101.0,Railways,276,
209,10.616002,-94.527429,2021-09-09 20:33:19,77.6,Events,441,Purpose yourself allow pull identify claim sign.
210,15.152396,83.12093,2022-11-14 02:04:42,98.1,Air Traffic,312,
211,59.2766915,117.433173,2023-05-26 11:50:46,110.8,Industrial,2402,
212,10.635185,30.169706,2023-01-02 19:17:11,128.7,Events,174,Health operation forget child letter return.
213,-56.2331905,-38.015197,2020-02-10 02:16:48,83.2,Natural,185,
214,18.9711115,-154.773233,2021-02-09 02:55:54,48.2,Air Traffic,466,
215,-13.1892465,18.111,2021-08-19 02:19:04,109.9,Machinery,2458,Stuff dark point school detail.
216,-70.7759355,102.829534,2020-12-14 10:02:43,64.5,Industrial,546,
217,-39.334322,-39.848689,2022-07-25 12:19:07,59.7,Railways,3177,
218,66.159965,-47.107799,2021-08-15 04:53:36,113.5,Natural,275,
219,50.081241,79.991312,2022-04-15 18:03:55,51.7,Air Traffic,2232,
220,86.2732875,-119.27636,2023-06-07 23:07:55,91.5,Industrial,2728,
221,-46.048162,-37.225443,2020-02-25 15:17:02,119.3,Traffic,888,
222,62.28563,54.027944,2022-06-18 08:57:36,103.5,Events,181,
223,25.426568,67.230503,2023-07-24 08:35:10,63.1,Construction,1330,
224,63.4946645,-157.246818,2020-11-24 20:23:50,87.6,Machinery,1194,
225,-40.1648395,135.656362,2022-08-05 02:14:03,61.9,Traffic,47,
226,16.083296,100.743943,2021-06-08 12:32:11,64.1,Construction,1638,
227,27.248562,-96.698802,2020-03-15 12:25:12,60.8,Industrial,1597,
228,26.938033,-121.516714,2023-08-18 19:13:28,103.4,Industrial,1180,
229,27.2589885,-16.756119,2020-04-24 09:14:16,41.1,Machinery,908,
230,84.771141,153.764848,2021-08-29 01:00:30,43.1,Construction,1078,
231,47.0144035,-72.991392,2020-02-17 15:13:40,111.8,Traffic,508,
232,-29.004419,119.347619,2022-03-12 15:48:53,71.3,Railways,1339,
233,-73.716699,-70.217554,2023-03-21 07:07:44,127.2,Traffic,2679,
234,-83.078358,-56.463257,2022-08-25 10:51:17,122.7,Railways,2302,
235,76.9374555,-171.237148,2023-04-25 02:25:51,49.7,Construction,854,
236,-18.6644,-73.509744,2020-08-19 00:57:38,90.5,Traffic,53,
237,-60.864767,-44.968846,2022-10-05 01:20:34,103.7,Natural,2528,
238,-51.3563545,-136.910067,2023-03-08 22:19:19,101.1,Industrial,1997,
239,-33.903442,-159.513793,2023-09-07 12:17:42,49.2,Air Traffic,820,
240,83.21392,-95.362262,2020-09-11 13:00:20,101.6,Railways,906,
241,45.77849,170.649571,2022-04-19 20:47:07,124.7,Construction,1175,
242,-4.350643,-98.189964,2020-03-13 17:20:21,93.6,Traffic,1928,
243,-45.544,74.416221,2022-06-20 07:22:58,95.5,Industrial,3520,
244,-66.503723,-40.352741,2022-01-01 20:28:01,103.5,Natural,707,Or know fall protect.
245,55.744109,-11.168829,2021-02-04 04:07:26,107.3,Construction,303,
246,-42.185342,-155.852325,2020-11-04 20:32:41,111.1,Events,1376,
247,-56.3338985,-155.0197,2020-09-02 16:15:56,49.3,Air Traffic,1735,
248,-16.1105045,-27.566051,2023-01-29 19:57:03,86.1,Events,3598,
249,44.582679,20.432125,2021-10-19 09:40:20,112.3,Natural,3360,
250,36.2798055,-88.037746,2021-09-07 23:04:06,120.7,Traffic,1350,
251,86.2242685,169.881351,2020-06-26 20:49:42,77.9,Natural,1014,
252,2.527253,-51.678413,2021-12-13 18:01:03,101.8,Construction,2651,
253,-50.8295465,-35.406524,2020-11-07 18:55:35,121.6,Construction,105,
254,-42.8983835,77.786311,2020-01-26 10:48:35,53.9,Events,1270,
255,67.274104,-5.247387,2022-01-04 09:57:59,44.0,Traffic,2081,
256,-0.460781,-26.219061,2022-08-05 07:04:01,129.4,Traffic,10,
257,18.5629235,-58.589293,2020-03-24 14:24:21,90.7,Machinery,1482,
258,24.334907,-102.349087,2020-03-22 05:05:07,110.2,Air Traffic,2425,
259,-81.1970715,172.218456,2020-01-13 15:56:59,88.7,Events,275,This rule school road protect notice cover.
260,71.136473,108.632072,2022-08-28 09:15:16,125.8,Railways,392,
261,64.393472,35.656835,2023-06-24 12:34:38,81.2,Construction,663,
262,79.284461,34.799898,2020-08-28 04:14:30,41.0,Events,1226,
263,63.017982,144.010337,2020-01-26 15:13:36,113.3,Traffic,926,
264,-46.4318185,133.26334,2022-10-12 14:21:36,119.3,Machinery,1465,
265,65.1401175,130.138801,2021-01-28 00:00:06,87.2,Construction,917,
266,-26.471012,-135.642373,2021-10-17 03:16:20,121.7,Industrial,2581,
267,83.991158,-87.017301,2022-10-03 17:30:40,113.2,Railways,2790,
268,-40.915509,-1.57387,2020-03-30 10:47:11,116.6,Traffic,1965,
269,41.036137,-115.587865,2021-01-10 19:25:59,83.2,Machinery,2603,
270,25.7948405,99.897824,2021-03-08 06:10:27,60.3,Construction,1553,
271,-33.4108585,-93.005995,2022-03-01 09:06:56,77.0,Railways,3564,
272,-25.194225,-68.798859,2020-06-10 10:08:02,128.0,Railways,113,
273,-13.8865085,16.453413,2022-06-20 00:15:39,90.1,Railways,558,
274,36.781411,101.13817,2020-04-03 12:07:04,116.0,Industrial,3079,
275,-24.202495,173.628101,2020-05-01 07:33:36,40.9,Railways,670,
276,-3.0205035,-100.05909,2023-04-07 03:31:29,95.0,Traffic,2330,
277,68.935961,150.09272,2023-06-18 02:03:56,52.9,Railways,2126,
278,24.593709,-145.591423,2022-04-15 01:09:22,84.8,Traffic,1917,Baby decision manage car.
279,56.842058,154.635845,2023-08-16 18:14:48,62.8,Natural,3461,
280,17.1390855,-81.790334,2022-03-02 01:10:10,89.9,Natural,1304,
281,-49.1665645,93.842692,2023-08-23 23:37:38,102.9,Machinery,3581,
282,61.0820925,-125.880221,2020-10-24 21:40:33,73.1,Industrial,1537,
283,-89.348774,106.938645,2020-02-04 06:02:45,100.2,Construction,1624,
284,76.1502615,-84.900568,2021-05-11 18:46:12,70.9,Construction,619,
285,-64.2140985,-77.376151,2023-02-17 12:41:08,57.4,Events,353,
286,-82.217269,-4.157091,2022-03-16 04:16:57,44.1,Construction,2468,
287,-7.614509,-110.937515,2021-09-22 01:13:34,122.7,Machinery,848,
288,-71.6127735,-129.12984,2023-01-01 18:10:15,115.3,Railways,1305,
289,-14.660419,-67.282219,2022-10-29 12:41:23,76.2,Events,2731,
290,-39.488598,-110.691537,2021-05-15 08:30:24,82.6,Railways,1425,
291,4.2799865,89.872939,2021-10-22 12:29:29,73.3,Air Traffic,2387,
292,-36.22068,56.633967,2023-09-27 08:03:18,54.6,Air Traffic,150,
293,-51.7725935,99.853804,2022-12-12 20:52:04,45.9,Air Traffic,3062,
294,77.0512395,174.735918,2020-09-07 09:50:27,75.9,Construction,473,
295,35.093593,-8.998621,2023-06-27 09:13:14,107.7,Construction,917,
296,-13.6570175,-77.005234,2021-07-19 01:50:35,86.0,Natural,631,
297,-17.566343,-24.473284,2021-07-23 03:57:55,121.8,Air Traffic,1754,
298,-57.7967215,172.192457,2022-04-01 22:20:46,121.1,Air Traffic,2989,
299,-56.036584,-170.319705,2020-03-13 19:17:18,47.5,Air Traffic,229,
300,40.394442,-10.033682,2023-04-17 21:20:06,64.9,Machinery,3399,
301,-77.5852565,-70.610524,2020-09-11 01:13:52,107.3,Events,1929,
302,86.28507,-156.708634,2022-03-11 20:02:57,89.0,Machinery,1584,
303,87.877444,-18.726585,2023-02-13 14:50:57,62.7,Railways,2956,
304,-82.055336,66.232216,2021-01-24 21:16:53,68.4,Machinery,1797,
305,18.128212,-138.777362,2021-11-21 05:11:27,75.7,Railways,3326,
306,-5.082998,156.948299,2022-07-21 06:14:05,65.3,Traffic,727,
307,-3.7159525,133.597185,2023-08-27 02:38:45,58.4,Construction,2008,Approach everybody budget body true nature.
308,-32.9665765,-82.314541,2022-08-17 09:35:58,59.6,Natural,1914,
309,70.988931,-121.557978,2021-04-12 15:21:43,90.5,Events,1757,
310,-12.5493255,-23.764758,2020-03-07 06:40:59,75.4,Events,2762,
311,86.268116,124.397587,2020-12-29 16:35:01,115.9,Events,471,
312,50.5548605,108.289221,2022-02-09 15:56:44,90.4,Industrial,2340,
313,39.9743165,-111.708787,2020-03-27 21:15:23,127.9,Railways,989,
314,53.5622505,-77.724442,2021-01-21 06:12:19,85.5,Machinery,851,
315,-43.6066275,-73.786982,2020-09-27 18:45:04,127.7,Natural,411,
316,66.800846,-96.514355,2023-03-22 12:42:15,115.2,Natural,1495,Fish per her.
317,30.3070695,-118.187058,2022-04-20 11:51:08,41.5,Railways,1020,
318,-20.011985,-10.2397,2023-07-26 17:04:55,86.0,Traffic,2216,
319,-42.404554,48.04862,2022-06-14 05:59:34,60.9,Railways,3409,
320,86.3067395,28.263687,2020-04-28 07:40:59,117.3,Events,3462,
321,19.270748,16.06618,2021-02-12 11:21:08,87.3,Natural,676,
322,64.2293295,-57.726822,2022-04-02 22:22:14,128.2,Machinery,870,
323,-43.2158925,63.849214,2020-05-14 07:04:23,86.4,Events,571,
324,-67.601461,-48.566912,2023-03-01 09:08:06,126.8,Air Traffic,2261,
325,20.542567,-98.994556,2022-03-13 01:18:12,104.8,Natural,554,
326,28.457371,-130.666304,2022-02-12 20:32:07,82.4,Natural,2249,
327,10.873848,131.302529,2020-11-24 08:38:02,63.9,Construction,3395,
328,46.651922,20.11018,2023-04-15 15:33:31,113.8,Construction,3373,
329,6.8035405,-126.933094,2023-08-05 06:46:20,91.4,Industrial,876,Help class officer property.
330,-68.7360145,26.549254,2022-11-04 19:35:10,75.3,Machinery,12,
331,-34.5055235,146.295824,2020-10-03 11:15:46,50.5,Industrial,3510,
332,48.7596335,-142.391866,2022-09-03 14:47:45,65.9,Air Traffic,1498,Material avoid view animal staff.
333,-70.84817,-145.105783,2023-02-13 00:19:39,49.4,Events,2717,
334,20.5371945,36.170594,2020-10-26 02:34:05,92.7,Events,1772,
335,67.97074,142.928872,2021-10-04 17:09:13,47.5,Railways,2691,Thing ok during most parent ago but.
336,-38.8919275,13.889076,2020-12-14 04:19:45,52.7,Industrial,676,
337,-60.907078,-166.115114,2021-07-30 15:40:09,89.4,Construction,2666,
338,-84.8130355,-137.487179,2021-03-09 00:38:34,58.5,Events,1222,Executive campaign admit base stuff.
339,-26.6914265,-21.639296,2021-10-24 11:50:57,59.8,Air Traffic,154,
340,18.7234225,-72.418772,2023-02-05 09:36:14,119.7,Traffic,3567,
341,67.701798,48.607241,2021-04-11 22:04:19,64.3,Construction,779,
342,-66.280665,29.708857,2020-06-05 07:11:06,74.3,Machinery,1694,
343,20.205263,-72.49515,2022-02-11 01:15:56,119.5,Air Traffic,825,
344,76.7551895,9.818336,2021-05-26 05:57:17,90.1,Railways,1157,
345,70.6517035,26.837352,2020-05-12 07:22:17,69.6,Industrial,2364,
346,-29.563117,-113.209166,2023-03-14 14:40:54,107.8,Construction,2419,
347,83.4325065,97.697881,2020-07-10 18:13:13,92.2,Air Traffic,655,
348,-68.92659,171.290722,2020-09-26 08:00:34,59.4,Industrial,705,
349,-61.987368,-69.594871,2021-02-07 02:16:50,123.3,Traffic,1991,
350,68.5118505,25.095762,2021-07-11 09:09:15,79.4,Industrial,2718,
351,-77.7277245,-134.026602,2021-07-18 11:04:48,98.5,Natural,2377,
352,-12.2571805,4.680645,2020-10-10 04:24:41,129.0,Machinery,1908,
353,21.653903,100.851207,2023-02-06 06:11:07,122.5,Traffic,1778,
354,41.0996085,4.443477,2021-12-31 12:53:39,74.5,Natural,321,
355,-30.655005,-150.524591,2020-10-09 09:23:08,115.7,Air Traffic,2724,
356,-4.465017,-81.595565,2022-02-14 23:09:20,80.1,Events,1583,House could staff.
357,62.3808435,149.925843,2022-02-20 19:06:42,94.9,Machinery,3369,
358,-0.6974425,-145.37737,2021-01-11 11:59:20,90.2,Natural,2125,
359,65.8405205,-136.461618,2022-12-29 02:53:17,67.5,Air Traffic,956,
360,81.248534,-19.061237,2020-08-11 19:42:18,55.4,Traffic,2120,
361,-59.4727395,-10.645291,2021-08-27 10:36:52,65.6,Events,3356,
362,52.1850355,-61.544094,2023-03-02 02:23:55,46.6,Natural,278,
363,1.2065595,-145.569566,2023-06-28 10:29:42,118.9,Machinery,3413,
364,9.941084,-149.232579,2023-08-08 03:23:03,58.5,Traffic,312,
365,-55.7997825,138.69527,2023-04-08 11:18:48,50.9,Railways,1594,
366,-71.9320415,-98.363297,2021-07-16 21:20:07,83.9,Traffic,732,
367,-40.229448,-131.853402,2021-02-11 17:14:21,80.5,Traffic,488,
368,64.2786795,-151.862867,2020-07-16 03:45:19,85.7,Events,1440,
369,-12.638469,39.01975,2022-03-12 09:55:16,84.8,Construction,573,Consider paper test effort example nearly concern.
370,-71.206596,-87.197537,2023-03-02 00:25:38,54.1,Events,2373,
371,-12.228214,21.434139,2021-02-24 08:15:44,89.4,Events,1528,
372,-73.638071,-41.281415,2022-11-23 12:57:20,54.2,Events,3445,
373,-31.1145725,32.697668,2021-06-11 01:19:11,128.7,Air Traffic,3497,
374,-67.42701,145.337374,2023-05-14 18:24:00,49.3,Construction,3332,
375,60.965779,110.090543,2022-09-11 13:48:53,111.6,Industrial,224,
376,23.744178,-32.090263,2023-09-02 14:05:24,54.7,Traffic,2929,
377,32.0939345,-64.982667,2021-01-08 18:59:52,51.4,Industrial,2725,
378,-79.421429,57.215399,2021-05-18 18:00:24,60.4,Natural,1816,
379,-34.4005155,82.3905,2020-09-12 12:08:39,50.8,Machinery,1407,
380,-53.329536,-80.66264,2020-12-08 13:11:43,120.6,Air Traffic,992,
381,83.1965155,-112.286624,2020-11-27 10:11:33,95.3,Traffic,572,
382,80.9630615,176.177468,2023-06-07 05:20:38,72.8,Construction,2770,
383,-74.7719825,115.299825,2020-11-19 19:20:05,108.9,Machinery,3230,
384,-65.500799,90.450435,2020-10-06 05:12:12,60.6,Air Traffic,3563,
385,-72.4666705,-4.94455,2021-12-06 23:00:54,83.9,Natural,2721,
386,53.5416285,95.357328,2023-01-03 15:38:59,42.6,Construction,385,
387,45.6630075,55.190173,2020-08-25 21:59:42,128.3,Railways,3486,
388,-28.561871,58.434862,2020-04-01 23:32:48,121.1,Railways,677,
389,-24.2205725,102.147088,2020-01-11 11:12:10,62.4,Events,3384,
390,41.296132,95.052698,2021-08-10 23:19:19,96.6,Railways,2060,
391,85.9692255,-74.276019,2023-03-16 03:21:37,77.7,Industrial,2047,Red my this able recognize close.
392,72.6980295,-140.993696,2023-05-30 07:31:16,70.1,Air Traffic,132,
393,62.7347765,-93.146671,2020-01-13 07:32:59,118.6,Machinery,1393,
394,-62.942809,151.0893,2023-02-14 02:44:35,56.4,Railways,158,Small summer couple parent.
395,-40.96351,-64.929882,2020-01-10 21:02:46,120.1,Railways,3446,
396,44.6156635,-92.536594,2022-04-04 12:16:20,67.2,Traffic,728,
397,-15.7731895,102.829119,2020-12-13 13:53:38,124.3,Railways,350,
398,-12.7807585,108.195538,2021-09-28 06:39:04,82.3,Events,524,
399,-19.9118005,-135.15169,2023-03-05 02:59:49,91.6,Natural,3247,
400,1.7397325,170.743903,2021-09-11 11:39:03,106.3,Traffic,595,
401,7.5273495,161.07621,2020-12-31 16:56:52,120.2,Air Traffic,1565,
402,19.695382,-177.924599,2022-05-18 21:46:42,111.0,Events,2374,
403,-58.7860705,77.068331,2022-01-30 17:03:21,79.5,Industrial,3389,
404,58.8837615,-58.062898,2021-06-22 07:57:18,128.9,Events,173,
405,0.827893,29.952573,2023-04-20 18:50:19,89.0,Events,3069,
406,37.300363,138.592078,2022-12-10 23:45:55,46.6,Industrial,1444,
407,-4.9897875,-12.855606,2022-12-20 05:32:11,65.4,Events,1615,
408,-71.273426,160.772172,2020-02-17 04:29:44,63.8,Construction,3414,
409,-46.444186,98.81963,2022-03-18 01:59:42,63.6,Natural,1748,
410,-0.8154915,-110.933154,2023-03-23 00:30:03,64.4,Railways,1722,
411,-39.0584565,-86.922349,2021-09-24 09:10:39,106.2,Air Traffic,1913,
412,-74.485774,25.154146,2021-12-23 00:20:00,70.8,Events,1419,
413,6.1183885,-178.554667,2023-07-31 18:48:48,64.3,Air Traffic,1568,
414,-9.642583,126.282502,2023-02-28 08:54:57,121.5,Industrial,747,Audience class present somebody between.
415,-17.413954,163.080505,2020-10-23 18:12:47,93.2,Industrial,45,
416,47.8536055,130.813161,2021-09-03 05:11:20,96.9,Air Traffic,3141,
417,7.4907485,-19.997497,2023-04-12 09:38:08,62.8,Events,2797,
418,26.6998565,7.758951,2022-05-21 01:13:38,85.4,Machinery,2354,Industry cost maintain member source floor.
419,-51.9786195,116.277108,2022-07-20 12:04:20,95.6,Industrial,998,
420,-79.4163525,88.782313,2023-07-23 00:48:58,75.5,Traffic,1040,
421,-74.117957,-118.895882,2023-03-27 14:31:38,48.0,Railways,1164,
422,33.55987,-65.279726,2021-11-19 07:01:30,41.2,Construction,2636,Although music his.
423,5.056755,51.506279,2023-07-05 03:58:00,111.5,Railways,2751,
424,30.209665,87.049614,2020-11-05 13:10:45,78.7,Machinery,1029,
425,32.3133425,96.305747,2021-10-25 07:59:31,118.6,Machinery,1545,
426,70.749574,33.38582,2022-11-01 18:19:43,108.2,Industrial,1054,
427,-35.380119,44.260996,2022-03-29 20:45:42,119.7,Railways,3403,
428,74.7595865,-114.683083,2021-07-12 14:00:47,110.1,Industrial,3391,
429,74.6496795,101.230157,2023-06-06 08:51:44,72.1,Railways,581,
430,51.4395185,31.338592,2020-10-03 21:20:07,47.6,Machinery,3253,
431,-82.620187,-125.546199,2020-09-16 17:51:29,70.2,Machinery,678,
432,22.860446,115.176911,2021-01-15 14:58:50,87.4,Air Traffic,1427,Condition write bring need society.
433,-77.135927,47.236373,2020-05-02 02:07:55,98.4,Industrial,1526,
434,-75.3771665,57.756616,2021-02-21 09:47:11,88.0,Construction,635,
435,-34.104927,111.611911,2023-01-21 15:05:37,101.8,Industrial,898,
436,-89.123588,174.456462,2020-04-28 13:38:37,95.5,Railways,1218,
437,8.9152315,-146.16069,2022-10-24 19:22:00,77.9,Railways,346,
438,-26.578562,46.179051,2023-01-30 21:05:22,72.3,Traffic,1292,
439,-83.2834685,-112.299881,2021-10-17 22:30:46,129.4,Natural,929,
440,-80.378524,170.144525,2020-01-02 09:05:29,112.7,Natural,1898,
441,-60.21832,135.59244,2022-09-12 15:15:53,68.8,Traffic,520,
442,70.01248,54.46931,2020-11-21 17:14:12,104.6,Railways,3387,
443,-54.964576,110.391564,2022-02-04 21:42:01,54.3,Air Traffic,586,
444,-72.9328325,-103.365449,2022-11-25 23:20:35,119.4,Air Traffic,1958,
445,-14.8333485,-152.024454,2021-04-29 06:57:27,103.4,Events,2118,
446,46.6236105,-69.660652,2020-04-09 13:18:22,96.3,Machinery,2507,
447,30.922934,-64.502635,2021-05-21 13:51:01,128.3,Machinery,3509,
448,70.8762055,88.554803,2023-07-24 07:52:42,41.5,Events,1078,
449,13.410542,-10.658249,2023-08-13 20:28:37,97.2,Traffic,779,
450,27.223988,-75.734451,2021-04-09 15:15:37,127.8,Air Traffic,2212,
451,-46.624869,39.638229,2023-03-27 08:16:32,81.8,Construction,961,
452,8.6492515,75.668505,2022-10-28 12:15:46,43.6,Air Traffic,3510,
453,-23.755879,42.114836,2022-07-15 13:54:06,65.5,Traffic,1615,
454,83.5096605,-131.634747,2023-06-25 13:46:04,67.7,Construction,2754,
455,-1.348355,161.571225,2020-07-18 13:14:15,89.5,Natural,3037,
456,-83.683787,161.044596,2021-11-07 21:34:25,70.8,Air Traffic,3526,
457,55.305925,-52.472882,2023-04-12 16:07:31,54.5,Traffic,538,
458,-20.2139025,-43.606864,2021-04-14 13:17:05,116.4,Industrial,1215,Laugh until several.
459,67.231174,59.810269,2023-03-19 07:00:18,54.0,Construction,2405,
460,51.432054,137.562507,2022-03-26 12:11:59,101.8,Industrial,2041,
461,-6.0592355,-31.567215,2021-01-16 12:58:05,82.9,Railways,2990,
462,-75.0863935,128.277772,2020-10-19 06:58:03,77.5,Railways,595,
463,-46.4355065,-139.873487,2021-09-11 19:53:12,54.0,Construction,1814,
464,54.17746,55.936449,2022-07-31 08:22:36,71.0,Railways,1385,
465,-75.9318765,118.114339,2020-09-07 08:01:31,42.6,Natural,1482,
466,51.6457125,-123.485631,2020-07-15 15:07:13,46.6,Air Traffic,817,
467,3.6395635,7.20415,2021-04-26 22:34:06,74.7,Air Traffic,182,
468,13.342559,-41.60329,2021-08-08 20:39:08,85.0,Events,1774,
469,-73.1127475,119.344307,2023-05-08 07:12:15,85.4,Construction,2970,
470,-77.8880945,38.990071,2022-11-15 20:29:01,88.8,Traffic,2583,
471,27.050843,-68.873508,2021-01-02 06:57:17,107.8,Railways,1579,
472,14.909553,-39.217971,2021-02-27 10:16:21,85.7,Machinery,179,
473,74.4344425,-168.195937,2021-01-16 01:11:43,69.0,Air Traffic,2443,
474,-73.0749845,-156.31407,2021-12-16 15:27:37,105.1,Machinery,2730,
475,-50.382813,-2.685461,2023-08-18 11:31:17,65.7,Air Traffic,178,
476,34.754682,86.109151,2023-02-28 16:15:49,45.5,Industrial,2986,
477,-8.0606935,-138.13881,2023-09-16 16:32:48,82.5,Railways,2758,
478,-27.1986045,64.530617,2021-01-26 14:16:18,70.9,Air Traffic,89,
479,-51.206613,151.745762,2020-07-01 14:01:08,105.1,Machinery,297,
480,19.5771545,149.090348,2020-09-01 16:58:06,53.5,Machinery,891,
481,-25.3038315,-134.665102,2022-09-05 11:42:12,90.2,Air Traffic,457,
482,-6.3669785,-100.509106,2023-09-15 04:07:32,127.0,Industrial,696,
483,27.073413,69.294278,2021-01-28 06:49:24,102.7,Air Traffic,1113,
484,-65.5199245,126.136639,2020-06-26 06:37:29,78.2,Natural,3200,
485,-78.989542,98.114893,2021-02-13 17:07:29,69.3,Construction,295,
486,-41.628431,-17.182188,2021-12-23 17:33:50,95.9,Natural,3131,
487,61.1291555,95.982392,2023-01-10 01:38:52,71.9,Machinery,2285,
488,33.5799865,29.331066,2023-07-25 09:07:40,58.1,Air Traffic,3331,
489,14.561673,-88.498971,2021-10-29 13:39:11,85.7,Railways,1456,
490,-39.601118,42.8227,2022-04-14 20:20:09,74.8,Machinery,2734,
491,-56.3373915,163.949344,2021-03-06 18:38:29,100.1,Traffic,2632,Total impact current argue brother popular close.
492,-87.597647,-144.445352,2020-07-14 09:39:07,61.8,Railways,1299,
493,-23.709901,-155.324601,2020-11-28 22:45:46,117.4,Natural,2785,
494,70.0705525,-55.823865,2022-12-06 03:46:28,94.1,Construction,726,
495,-48.26966,-56.852315,2022-04-18 12:48:28,70.7,Natural,3410,
496,45.0288785,-109.112215,2021-06-23 21:44:54,107.2,Construction,2602,
497,72.228097,46.849993,2021-04-03 11:40:50,125.9,Industrial,3289,
498,13.654925,-148.145509,2023-07-03 03:32:00,43.3,Railways,694,
499,73.463993,32.516968,2022-02-11 21:27:38,105.4,Events,1665,
500,20.3960935,19.875428,2023-02-28 23:41:42,94.2,Construction,119,Answer they something affect because interesting.
501,51.415842,-23.322502,2022-06-26 07:24:34,43.6,Construction,3087,
502,81.194364,70.013387,2021-09-30 13:04:54,126.6,Industrial,449,
503,-85.3963475,-177.507025,2022-10-08 01:30:19,105.8,Railways,2214,
504,88.8299235,-136.942658,2021-05-15 16:13:58,48.8,Industrial,2206,
505,-22.8486165,162.778382,2021-03-14 15:52:26,72.1,Construction,3546,
506,16.360512,-56.534797,2022-06-18 06:29:18,60.7,Traffic,2368,
507,17.207357,43.837049,2023-02-07 08:17:47,118.7,Events,579,Article keep challenge he seem week present.
508,2.949704,-160.398003,2023-04-15 04:27:51,116.4,Machinery,1799,
509,5.4542825,56.730614,2020-07-07 05:19:29,81.8,Traffic,3381,
510,-10.7966595,160.301353,2020-05-22 02:30:40,75.4,Railways,945,
511,45.293081,-73.561967,2023-09-20 05:11:55,125.2,Machinery,383,
512,53.4955665,-178.737217,2020-06-18 17:24:15,69.1,Railways,1062,
513,-38.6595495,140.51641,2022-06-13 08:51:51,90.4,Traffic,142,
514,58.0724725,-160.10233,2020-08-27 08:01:53,96.1,Events,3435,
515,-8.71838,-82.916966,2023-04-12 08:17:43,121.1,Machinery,1667,
516,50.5997935,-171.024175,2022-10-06 18:19:21,54.1,Machinery,108,
517,-65.0018025,70.669114,2021-04-03 13:14:54,53.9,Construction,400,
518,28.5416035,156.145013,2023-09-29 19:35:14,102.2,Air Traffic,258,
519,70.107338,84.547429,2021-09-27 04:45:30,109.6,Railways,1827,
520,19.984831,49.212563,2023-05-14 04:43:48,100.6,Railways,2505,
521,-11.6045395,167.304451,2022-07-21 08:02:06,67.4,Railways,823,
522,-2.9950835,34.347791,2022-06-09 15:20:29,116.5,Machinery,146,
523,-60.3716015,55.237841,2021-04-18 03:09:00,92.4,Industrial,433,
524,-81.1234,-99.730041,2021-03-20 18:08:38,127.3,Railways,1316,
525,-79.574268,94.025393,2021-11-19 03:01:41,117.3,Natural,1122,
526,7.7801645,13.180995,2022-01-02 09:23:02,61.5,Construction,2132,
527,-14.052087,38.327395,2022-01-20 01:15:56,74.7,Natural,3501,
528,-5.7048105,-13.583572,2021-02-06 09:33:31,101.4,Traffic,2742,
529,-85.987893,84.233864,2020-12-28 09:21:59,97.7,Machinery,1001,
530,49.7331495,111.930497,2022-07-21 21:20:00,72.1,Construction,128,
531,-89.1867175,81.862447,2020-09-08 10:33:49,115.0,Machinery,1931,
532,-60.2224485,75.904557,2020-01-18 09:13:06,60.9,Railways,1229,
533,89.6794405,140.777399,2023-06-30 04:53:44,96.9,Railways,694,
534,85.8136515,63.784714,2023-05-16 07:01:42,92.9,Traffic,3161,
535,-66.238201,147.580155,2020-07-28 14:36:33,103.6,Natural,1802,
536,77.923916,148.568541,2021-12-19 22:06:55,52.7,Traffic,1458,
537,42.492816,-134.525267,2020-02-24 13:50:47,59.0,Construction,2602,
538,79.633064,-66.940288,2023-07-26 22:06:31,57.8,Machinery,1668,
539,-63.272077,-36.042937,2023-09-04 21:32:09,119.8,Traffic,2234,Soon huge both themselves.
540,-81.564184,-4.553087,2023-04-11 04:57:09,95.7,Construction,1867,
541,-75.0328935,-25.440991,2022-05-05 02:43:36,58.3,Natural,1858,
542,19.8013895,105.818177,2021-11-04 01:07:18,47.4,Construction,2785,
543,-10.0678785,-118.068594,2021-09-16 13:59:29,115.5,Machinery,2185,Boy he game another test product.
544,-22.918181,-141.314631,2023-09-07 05:54:10,70.5,Natural,3001,
545,11.391957,-149.382591,2022-11-13 11:57:22,87.7,Air Traffic,591,
546,60.099151,-43.858387,2020-02-12 08:35:51,129.9,Events,2970,Play leg office improve drug.
547,71.801592,137.052077,2021-02-24 05:52:00,106.1,Railways,690,
548,-26.333766,-19.886593,2022-01-31 18:50:05,110.9,Construction,622,
549,16.425211,-77.705779,2021-03-11 03:21:49,96.0,Industrial,20,
550,71.2373615,-45.223531,2020-06-02 04:56:50,103.7,Machinery,2809,Responsibility accept score.
551,-80.4859095,-138.262986,2021-01-27 19:52:42,68.1,Construction,1322,
552,-80.9729585,4.382083,2021-12-04 08:17:41,53.1,Construction,2619,
553,-49.041843,146.38159,2020-09-10 02:34:01,79.9,Natural,2773,
554,-27.351416,-148.090905,2020-12-20 17:07:22,50.6,Machinery,358,
555,86.1112735,124.384554,2021-10-19 16:25:52,59.4,Industrial,1013,
556,-68.912281,-173.616524,2021-05-01 09:25:15,120.5,Natural,544,
557,-27.24092,-172.379485,2022-06-06 17:45:11,44.9,Air Traffic,2111,
558,67.2636555,164.518281,2021-09-24 20:04:18,63.8,Railways,1705,
559,47.5486495,-169.38994,2022-03-04 04:07:55,112.3,Construction,876,
560,12.0893635,30.354159,2021-09-23 07:54:42,91.8,Construction,2313,
561,18.024468,-70.413592,2023-06-16 23:07:20,43.1,Traffic,850,
562,-77.145485,15.00123,2022-03-23 23:56:03,70.1,Construction,1942,
563,12.498174,-155.37959,2022-03-30 16:35:44,55.8,Construction,642,Mission hard he both cultural indeed.
564,-37.9630395,114.545918,2022-01-25 18:36:28,46.8,Traffic,3514,
565,59.3436005,53.090908,2022-04-13 13:39:28,53.6,Traffic,2528,
566,-29.807635,13.147942,2022-12-20 02:18:08,82.7,Natural,503,
567,59.974135,40.714611,2021-11-04 09:20:43,118.9,Traffic,2302,
568,-44.597888,-84.502288,2022-10-21 08:48:44,84.3,Industrial,1018,
569,41.7637965,-59.732718,2021-09-16 18:45:42,118.2,Construction,229,
570,-59.956307,41.272923,2023-02-06 02:12:02,66.8,Industrial,291,
571,-69.012166,56.649527,2022-06-03 22:44:19,102.2,Machinery,1041,
572,-79.1937425,84.971099,2022-07-04 15:52:30,49.9,Construction,2970,Let speech computer notice main.
573,-6.882349,178.439993,2022-02-07 23:27:03,93.1,Construction,3477,
574,18.764561,-160.03745,2022-09-26 04:02:19,116.7,Natural,330,
575,-41.9221805,-97.076047,2021-09-13 01:56:50,100.5,Industrial,2130,
576,10.1566945,-7.145904,2022-06-25 16:58:18,80.1,Events,2507,
577,-84.759939,49.509684,2021-08-07 21:00:08,64.9,Construction,2221,
578,49.1908315,170.884294,2020-09-24 14:39:51,55.1,Natural,76,
579,-8.4331525,-178.367377,2022-01-04 10:58:57,76.6,Traffic,3442,
580,32.986687,76.418774,2021-06-10 03:54:35,126.7,Industrial,3561,
581,43.6087315,-131.391709,2020-02-10 04:37:49,109.2,Air Traffic,3487,
582,3.528858,-167.47948,2022-07-15 21:28:01,77.3,Railways,3420,Control police agreement.
583,-29.745712,-29.900028,2022-10-15 09:29:11,42.8,Railways,3118,
584,18.083716,45.050311,2022-04-16 08:31:42,44.2,Industrial,2807,
585,-14.912239,-172.441715,2021-02-17 07:05:47,81.1,Traffic,619,Hard assume just player.
586,31.966098,158.34885,2021-12-23 05:02:24,79.8,Natural,2748,
587,-44.5077515,-61.740923,2020-08-30 08:43:02,110.1,Machinery,3277,Trade focus note third five.
588,89.6838365,69.145432,2020-03-08 10:59:55,70.6,Construction,2525,
589,38.204374,52.304378,2021-03-18 12:36:49,102.9,Machinery,3057,
590,-66.280062,114.890251,2020-10-07 03:36:07,89.0,Machinery,2546,
591,21.28872,-162.432985,2022-02-16 18:02:02,67.2,Traffic,3056,
592,18.8274235,-160.082641,2022-09-30 02:11:09,75.8,Air Traffic,2218,
593,13.0368445,-69.458402,2021-01-15 05:57:19,57.5,Machinery,2325,Method home senior deep technology building officer.
594,-31.747348,92.451811,2022-01-14 05:25:44,86.5,Traffic,275,
595,-23.5584135,36.38479,2022-04-26 00:23:08,50.1,Construction,2103,
596,13.5228735,35.151987,2022-02-15 19:11:28,92.5,Air Traffic,1513,
597,-16.714878,117.217683,2022-11-16 13:04:57,96.6,Machinery,401,
598,-4.580664,153.189787,2020-04-10 22:26:53,66.1,Construction,65,
599,-18.2640795,113.125831,2020-04-27 22:00:17,104.6,Air Traffic,2940,
600,27.1521175,-145.395994,2020-10-13 01:28:23,70.8,Railways,1732,
601,54.8498875,81.496704,2023-02-04 06:12:06,81.7,Machinery,1936,
602,-53.8620175,-45.049528,2021-04-01 01:09:06,43.5,Natural,470,
603,-46.2001935,50.121272,2023-04-29 12:43:30,44.9,Machinery,3229,
604,54.844623,136.436316,2022-05-04 04:21:16,82.4,Air Traffic,2820,
605,66.736083,136.716364,2022-09-10 16:34:27,126.3,Traffic,386,
606,-72.815538,-119.86608,2021-12-15 23:59:27,66.8,Construction,589,
607,-66.7887,-97.425687,2020-07-19 16:24:25,106.0,Industrial,924,
608,25.34015,142.231171,2020-04-18 23:24:31,112.0,Traffic,1418,
609,-13.9171105,-45.339877,2021-07-28 17:02:10,92.9,Natural,669,
610,-78.68381,-117.781283,2023-07-18 06:13:48,112.9,Construction,2838,Treatment some professor quickly week red discuss political.
611,-10.7472665,-76.243684,2021-02-19 02:21:52,109.8,Industrial,824,
612,24.427109,2.871731,2020-05-01 20:42:24,110.7,Construction,3407,
613,-72.1610335,-55.297369,2022-12-12 01:33:18,111.0,Machinery,751,
614,-17.844463,2.282239,2021-03-24 20:48:24,84.4,Traffic,1632,
615,10.053326,4.193737,2022-09-05 23:28:37,113.4,Traffic,1625,
616,2.527263,-135.60278,2020-09-11 21:13:04,53.8,Construction,614,
617,16.1477405,101.846773,2023-01-24 12:33:51,98.7,Construction,3516,
618,-77.7300285,19.647461,2020-04-27 23:50:46,57.0,Machinery,3409,
619,-86.7548315,86.643929,2022-07-04 00:11:04,105.5,Traffic,1569,
620,50.2864555,162.754251,2022-08-23 17:42:44,68.5,Construction,2309,
621,-2.594061,-98.982798,2022-05-31 08:23:45,81.4,Railways,3401,
622,46.2035035,154.206822,2023-08-13 21:38:39,74.2,Industrial,1472,
623,40.687606,101.810219,2021-02-14 15:30:12,120.4,Industrial,2394,
624,78.2299615,-173.48092,2020-05-31 18:27:01,93.9,Natural,1016,
625,28.287912,141.043167,2020-05-15 18:21:32,79.3,Construction,2408,
626,-18.356185,163.490347,2022-06-09 16:48:07,119.0,Natural,923,
627,-80.955635,16.284378,2022-04-30 16:10:53,65.3,Events,1139,
628,-22.415515,-105.691859,2023-08-24 23:33:40,65.5,Machinery,727,
629,58.294971,12.393816,2022-08-18 17:56:06,41.4,Natural,2476,
630,7.3291055,123.348304,2023-04-09 12:59:02,43.5,Railways,2602,
631,32.114118,178.215587,2022-06-22 05:05:16,87.7,Air Traffic,2767,
632,47.3965985,-146.329406,2023-06-19 14:28:13,117.4,Traffic,3519,Involve unit amount become cost.
633,-80.640183,-86.142374,2021-07-12 15:18:08,55.7,Industrial,2542,
634,36.2121215,-24.624862,2023-03-13 00:49:10,60.9,Traffic,1324,
635,-24.9762575,-68.836392,2020-11-04 23:37:49,126.3,Construction,3114,
636,-70.815774,-114.217889,2021-09-04 19:36:20,95.8,Events,2133,
637,-52.011341,101.2044,2022-02-18 22:45:26,83.3,Events,3173,
638,-55.0728705,92.76848,2021-01-27 00:01:42,112.0,Air Traffic,2547,
639,-59.194362,-29.32577,2020-04-21 07:41:55,118.2,Railways,3580,
640,83.074201,-44.251985,2022-11-02 19:26:49,51.2,Traffic,1535,
641,-69.91485,-69.715573,2020-09-06 13:11:19,50.6,Natural,424,
642,41.178812,-117.674771,2021-04-17 05:45:48,81.7,Machinery,2228,
643,-69.152743,149.793799,2023-01-15 17:10:05,70.6,Construction,1665,
644,-66.9449115,44.551261,2022-07-31 09:07:14,103.7,Industrial,3273,
645,49.7868185,-85.852807,2022-09-13 01:31:07,73.6,Industrial,635,
646,3.973893,157.759966,2022-02-01 23:50:26,62.6,Railways,2062,
647,8.3007885,-101.320306,2020-06-24 20:35:56,117.8,Railways,3224,
648,-17.0474915,99.406254,2022-04-01 15:48:16,109.8,Industrial,2492,Similar player pressure minute key glass career.
649,63.2373675,-128.360628,2022-03-14 19:59:02,57.7,Machinery,2361,
650,-27.0132545,-134.286448,2021-04-05 01:07:23,117.0,Events,385,
651,73.008695,-105.077017,2021-08-13 00:29:41,87.6,Air Traffic,2421,
652,70.064379,-67.484446,2023-02-17 16:34:18,85.3,Events,3567,
653,-75.4364715,-32.135685,2020-03-11 00:35:50,72.4,Machinery,3478,
654,-43.01229,-81.364293,2021-02-19 19:03:34,75.1,Industrial,2053,
655,-41.6928145,-80.136528,2020-11-17 03:55:25,73.2,Air Traffic,2434,
656,-63.106135,-1.365303,2020-08-11 06:51:44,108.0,Industrial,398,
657,88.064361,108.640604,2022-12-27 15:03:49,122.8,Machinery,3308,
658,-53.900292,-65.089213,2020-08-07 17:19:07,95.7,Air Traffic,1510,
659,-6.702127,-116.687396,2022-04-10 10:17:41,117.7,Machinery,1495,
660,51.378477,84.804671,2021-11-12 13:02:25,101.2,Events,3380,
661,-11.328743,-97.432065,2021-09-14 09:46:27,43.1,Railways,1711,
662,21.308358,131.603635,2023-09-25 00:29:32,122.8,Machinery,245,
663,49.5960405,152.072236,2023-07-13 15:11:34,68.5,Construction,2938,
664,-42.5177245,-134.456201,2021-04-08 12:49:10,87.2,Construction,2076,Then suffer nice.
665,-59.01922,131.301642,2022-01-25 17:13:42,108.8,Construction,1324,
666,-72.2445085,-127.629947,2021-01-12 21:55:12,104.4,Railways,451,
667,-41.803354,159.744315,2022-07-26 18:13:59,122.3,Air Traffic,2241,
668,85.92559,111.932803,2023-07-06 23:51:20,94.6,Natural,1672,
669,64.007577,104.264775,2020-08-20 02:03:43,51.7,Natural,1741,
670,10.5558435,-121.09133,2023-09-07 21:46:20,88.5,Air Traffic,310,Improve southern amount score be never.
671,-87.3039895,61.201771,2021-09-09 22:41:33,124.8,Natural,1416,
672,30.4709115,-97.660643,2021-09-25 03:20:29,113.0,Industrial,1863,
673,-42.976679,101.447697,2021-01-10 20:32:51,110.7,Machinery,3162,
674,-2.484837,-107.19151,2021-08-21 23:31:19,97.7,Natural,1063,
675,-18.30021,75.468488,2021-11-09 22:13:55,62.4,Industrial,1248,
676,-32.5145165,-168.306923,2020-02-14 07:54:54,56.6,Air Traffic,823,
677,47.6483495,84.3324,2021-01-15 02:03:11,97.2,Air Traffic,3452,
678,-55.6435525,23.962065,2022-08-15 12:09:51,118.4,Railways,1947,
679,-80.3243665,-178.601393,2021-01-06 23:57:17,106.3,Industrial,154,
680,-51.347542,87.17965,2023-02-07 13:06:35,129.9,Construction,3195,
681,1.505584,-45.983275,2020-04-29 17:29:33,67.0,Machinery,2830,
682,4.641178,-27.941979,2020-10-13 17:52:08,90.1,Traffic,2591,Report civil leg somebody sing sing hand.
683,-0.014026,130.824066,2020-05-12 06:43:32,69.8,Construction,578,
684,-53.0752455,54.469551,2023-03-14 22:55:59,82.6,Construction,3505,
685,83.7682345,38.552643,2020-10-19 02:50:23,48.2,Machinery,1841,City visit board story Republican miss stay.
686,-88.8676465,-82.799982,2020-10-07 21:45:43,120.9,Railways,3111,
687,47.2255175,62.178499,2020-03-22 19:24:23,50.6,Air Traffic,1470,
688,-76.139391,-48.841737,2020-12-23 04:21:16,112.3,Railways,2036,
689,40.7826285,82.758213,2021-01-07 03:08:43,109.1,Air Traffic,826,
690,49.3331655,-140.66183,2022-02-18 10:34:13,89.2,Machinery,64,
691,32.9804755,-174.809007,2021-11-05 22:53:47,108.8,Construction,3350,
692,-88.3125375,-105.878735,2020-10-21 15:17:48,42.9,Air Traffic,1204,
693,-10.7264285,76.897589,2020-03-27 00:06:00,106.0,Machinery,3476,
694,51.998327,-69.785747,2020-07-17 23:44:08,96.8,Natural,3313,
695,-22.7970315,-158.116593,2021-08-13 03:00:05,105.7,Industrial,487,
696,10.796764,-106.177908,2020-12-31 07:00:32,73.2,Air Traffic,1780,
697,40.757085,-73.733778,2021-03-25 08:45:21,118.0,Events,3028,
698,-17.1682235,35.776056,2021-04-05 17:44:44,74.6,Railways,3093,
699,59.81616,72.949775,2023-04-02 10:39:36,114.8,Traffic,2657,
700,21.7782175,-28.428166,2020-03-28 18:57:35,66.6,Construction,2719,
701,57.7585095,-63.701654,2023-01-07 14:21:19,94.8,Construction,669,
702,82.006518,-126.962004,2020-11-21 12:01:49,87.5,Traffic,2308,Card training growth movement along resource marriage.
703,76.3241,51.492825,2023-09-29 10:03:15,105.4,Events,46,
704,-64.8824745,-118.414427,2022-12-02 01:13:24,58.5,Construction,2603,
705,18.4837545,-84.425437,2020-12-19 18:23:30,113.6,Industrial,1647,
706,-55.1684085,135.662767,2020-09-20 16:29:02,72.4,Events,49,
707,39.068829,-36.695684,2021-04-14 21:06:59,116.9,Machinery,2673,
708,26.805536,10.043255,2022-12-04 08:28:44,61.8,Machinery,1720,
709,-0.785474,35.05156,2020-12-17 21:36:25,61.6,Construction,954,
710,81.003468,153.433686,2022-08-26 22:05:08,72.6,Railways,1139,
711,-21.8785995,61.158263,2020-08-22 07:36:01,83.6,Air Traffic,3008,
712,-62.768819,-35.453886,2021-02-16 06:15:47,84.1,Construction,1612,
713,84.0348675,-106.664804,2023-06-27 16:28:13,72.0,Railways,1117,
714,-82.684245,-96.730742,2023-07-25 15:29:26,96.9,Air Traffic,2973,
715,65.7707485,-74.081903,2023-07-29 00:14:21,59.4,Machinery,461,
716,-60.6991075,160.696303,2021-10-15 12:44:45,92.3,Construction,1723,
717,-20.736926,-90.825174,2020-08-18 03:53:47,81.8,Traffic,3355,
718,-67.610609,169.757945,2022-12-31 02:21:22,87.2,Events,3160,
719,-42.909803,-1.905038,2020-02-12 11:33:46,61.2,Natural,758,
720,65.1616055,-56.972938,2022-01-22 23:17:02,54.7,Industrial,3233,
721,17.2454915,-91.096012,2021-10-20 07:39:34,103.8,Industrial,3225,National you down while born able.
722,-32.0910675,124.36854,2022-04-03 12:21:58,53.2,Traffic,1412,
723,-84.070243,-62.470408,2023-05-29 23:34:46,110.9,Industrial,2855,
724,-73.654864,-137.320515,2022-08-08 19:21:39,105.6,Industrial,355,
725,-12.0574075,-105.916013,2023-04-16 17:56:15,126.6,Construction,319,
726,17.196925,-41.681918,2020-09-27 22:39:43,85.1,Traffic,2404,
727,-46.338266,-65.211447,2021-08-25 11:01:10,128.9,Construction,1715,Involve smile cost discussion whole big.
728,68.6896,56.862911,2020-10-20 19:30:08,116.8,Industrial,2888,
729,-86.7508555,101.816538,2023-08-18 05:17:20,83.9,Railways,2115,Player nice short nor.
730,50.7536365,48.398498,2022-04-28 17:51:44,123.6,Industrial,3265,
731,61.384925,-101.708645,2021-05-19 17:05:00,75.6,Air Traffic,2422,
732,74.5303045,112.897332,2023-03-01 15:01:25,111.4,Natural,636,
733,-2.4985905,126.57136,2020-11-26 08:47:57,91.8,Machinery,898,
734,-82.2121435,-10.257,2022-06-07 22:00:42,86.4,Air Traffic,2425,
735,-55.796544,-173.456595,2021-09-27 06:12:18,85.7,Machinery,1436,
736,-28.526686,28.886157,2022-01-18 03:56:22,91.9,Railways,2117,
737,9.0048445,150.566647,2023-02-02 15:53:14,62.9,Events,163,
738,-15.556922,116.672971,2021-12-30 07:11:23,47.4,Traffic,10,
739,-46.0084865,82.671288,2023-02-26 16:47:34,113.7,Events,1073,Decision other Mr pass lay down.
740,-84.8624935,96.77386,2020-11-10 12:09:25,93.9,Events,742,
741,34.2499915,72.422395,2021-10-13 16:42:55,88.1,Industrial,780,
742,4.449179,163.770969,2023-02-17 18:24:58,77.5,Traffic,1948,
743,37.837815,167.263655,2022-10-17 08:52:22,58.1,Railways,2591,Behavior better age.
744,-81.755933,-114.880323,2022-08-28 05:28:59,113.7,Air Traffic,1300,
745,29.366429,-1.124282,2020-12-16 20:27:44,44.4,Events,2149,
746,-37.1148375,86.817584,2022-08-14 18:06:50,58.9,Industrial,2277,
747,-83.277636,77.188004,2021-09-17 09:44:16,57.6,Construction,621,
748,73.399887,82.139697,2022-06-27 17:23:51,50.2,Traffic,400,Year support military.
749,39.1719015,-76.641169,2021-09-25 20:12:54,78.7,Traffic,1440,
750,24.039075,-68.223226,2021-09-11 08:51:54,48.0,Railways,368,
751,-63.6213335,-106.344297,2022-06-13 08:02:06,67.6,Construction,3215,
752,-37.794858,-170.844633,2023-07-17 06:43:58,120.1,Construction,2198,
753,-72.5496025,-26.261258,2023-09-05 05:23:11,113.0,Machinery,2853,
754,-0.03221,-150.161657,2021-02-26 23:07:23,85.2,Traffic,3585,Teach lose hair sit.
755,-83.3571765,160.703251,2021-08-25 02:38:12,70.7,Events,3113,
756,85.41279,-121.189437,2022-03-16 23:12:23,83.3,Events,1978,Girl community surface use.
757,36.431071,102.990278,2021-10-30 06:06:51,53.0,Machinery,741,
758,70.505389,-25.12431,2021-06-17 23:55:26,42.9,Traffic,670,Chance society response set determine no stay.
759,-43.35682,166.505171,2022-05-15 04:39:36,78.3,Natural,695,Job reality before beat challenge official.
760,33.0372935,-41.601105,2023-06-14 10:30:06,55.3,Traffic,3515,
761,18.3604075,5.253307,2023-02-23 08:45:00,52.7,Railways,720,
762,-6.213588,145.881319,2022-02-16 22:21:06,107.0,Air Traffic,2390,
763,6.753079,76.70859,2022-07-04 15:11:00,104.8,Natural,837,
764,43.589843,-109.41778,2020-12-02 02:34:30,80.1,Events,3058,
765,12.8521805,-70.612119,2023-08-15 06:11:26,104.8,Construction,162,
766,-66.952847,-22.829228,2020-12-10 02:07:08,53.3,Natural,3096,
767,81.1207525,-175.875713,2022-07-28 00:38:44,51.1,Machinery,621,
768,13.7101895,-107.593182,2023-04-19 05:44:31,83.1,Railways,1815,
769,65.8328685,-120.471753,2020-03-09 21:35:31,115.8,Events,17,
770,42.7847695,25.821735,2021-12-29 23:20:35,126.3,Machinery,898,Writer summer leader begin determine event.
771,-23.716714,-144.28731,2021-05-29 18:15:14,101.3,Machinery,2592,Dog keep early field.
772,64.3173535,-85.769134,2021-08-29 02:01:57,116.5,Industrial,2540,
773,61.385013,-74.136653,2021-02-28 11:51:14,53.6,Natural,59,
774,10.1775795,155.404176,2022-01-30 03:02:54,112.5,Air Traffic,3592,
775,45.2543095,23.409155,2020-10-28 08:10:11,125.9,Natural,338,
776,29.4888145,-78.826945,2021-03-26 08:25:51,72.0,Construction,2114,
777,25.1546495,-40.333342,2020-09-19 08:35:01,80.5,Industrial,3404,
778,-68.593297,-141.050136,2020-05-12 08:40:37,118.6,Machinery,1697,
779,58.727551,126.677393,2020-06-21 21:02:27,97.8,Machinery,1109,
780,35.901901,-90.104442,2020-06-21 15:37:52,57.1,Air Traffic,1871,
781,35.069773,92.978916,2020-07-24 10:15:50,45.6,Traffic,3426,
782,-65.32737,153.493723,2021-01-22 02:22:38,61.6,Construction,1949,
783,84.76413,106.521591,2022-05-13 15:03:06,58.6,Machinery,3218,
784,59.6892365,-7.92344,2021-08-16 23:27:42,111.4,Events,618,
785,40.8854125,105.666148,2022-05-24 01:57:40,75.4,Industrial,234,
786,35.576817,127.844211,2023-07-15 06:36:18,86.7,Natural,1400,
787,21.0133765,92.041438,2022-03-26 06:21:16,101.8,Events,3063,
788,12.5837545,58.444734,2023-05-13 21:06:39,41.3,Natural,1450,
789,20.0256785,16.750302,2023-01-13 07:02:14,69.8,Traffic,424,
790,10.8373335,76.753611,2020-05-05 08:55:37,80.4,Industrial,2061,
791,-88.012975,-49.509484,2022-08-18 06:21:20,87.5,Industrial,2765,
792,35.6098325,107.922348,2021-06-18 23:05:13,75.7,Railways,3110,
793,0.7358495,-15.890707,2023-09-17 19:10:57,43.9,Construction,2954,
794,-0.9105985,157.597885,2020-06-24 03:44:54,98.0,Railways,506,
795,-13.76817,14.558913,2022-12-25 14:36:28,103.2,Natural,786,
796,7.8628255,-137.406779,2021-11-09 21:19:13,107.5,Traffic,2931,
797,-66.331475,-97.591313,2022-09-15 01:28:57,128.1,Traffic,2259,
798,-70.2163545,28.403271,2022-08-11 06:46:43,114.7,Construction,2333,
799,49.1230265,75.18227,2022-07-14 11:50:53,45.2,Natural,219,
800,32.5190295,62.106463,2023-06-07 08:06:19,100.3,Events,17,
801,56.1777035,97.543753,2022-12-31 17:04:31,51.1,Railways,2679,
802,56.062813,-14.455185,2022-03-28 10:44:50,51.1,Natural,1839,
803,-77.4556815,-87.423336,2022-02-08 13:57:19,75.2,Natural,1867,
804,62.959585,100.481022,2021-07-30 10:29:08,108.8,Machinery,2490,
805,-23.2805535,65.420499,2022-02-11 05:58:33,58.4,Construction,1815,
806,84.4743995,55.599926,2022-12-14 14:09:21,125.9,Construction,2702,Rate consumer great similar.
807,51.072064,-79.410008,2020-12-22 05:05:27,46.0,Natural,2711,
808,2.122831,-87.502656,2022-07-24 15:13:16,102.1,Machinery,3336,
809,31.0009815,-147.787829,2020-08-17 02:27:13,95.1,Traffic,745,
810,-82.5725305,60.985048,2022-02-14 06:58:05,41.4,Construction,1411,
811,57.882693,15.213894,2021-02-22 22:44:10,122.9,Industrial,3382,
812,9.0052965,35.867232,2020-04-21 00:46:49,97.1,Industrial,1754,
813,71.561813,107.649982,2023-01-10 11:33:06,117.2,Machinery,310,
814,40.2804745,75.695568,2022-02-01 06:40:04,65.5,Natural,2625,
815,-61.4730275,143.100205,2023-05-31 08:02:40,70.0,Machinery,3505,Ok visit simple when.
816,-41.647056,102.039242,2022-09-26 03:04:34,59.1,Machinery,1330,
817,-51.047737,-175.760155,2021-01-28 17:09:06,41.9,Machinery,398,Argue Mrs speak story road memory million kitchen.
818,72.1057665,105.357342,2022-11-18 16:07:24,71.8,Events,2038,
819,-65.722931,-168.946301,2020-10-17 20:35:49,48.9,Traffic,441,
820,-53.6641305,-130.897054,2021-07-19 02:01:32,80.1,Industrial,3319,
821,7.851363,140.774409,2023-03-17 21:10:54,75.0,Construction,3433,
822,-13.092695,-173.784514,2020-01-18 03:30:44,120.8,Construction,2065,
823,-80.211451,20.671496,2022-03-16 13:21:04,41.3,Traffic,1881,
824,84.685962,-39.288817,2023-02-14 00:33:52,127.7,Natural,970,
825,49.02578,41.267781,2020-09-11 23:48:12,51.0,Railways,309,Instead from within data could industry green.
826,-40.1731475,-116.02081,2021-08-22 08:01:29,97.8,Industrial,3340,
827,-61.123783,-96.941772,2021-02-25 19:24:13,81.5,Construction,2503,
828,20.2181525,55.654445,2020-04-26 07:40:22,116.6,Events,518,
829,-24.634513,-19.265087,2022-11-26 00:17:07,42.6,Railways,1930,
830,69.8410515,128.076436,2022-01-22 22:56:17,106.7,Air Traffic,870,Long per direction hospital.
831,-43.97692,125.380799,2022-03-26 16:11:03,100.1,Events,281,
832,-6.2511275,-127.443657,2020-01-11 09:15:48,107.2,Air Traffic,730,
833,-15.567199,107.996566,2023-03-26 03:20:10,103.6,Industrial,2159,
834,52.6707545,-83.169585,2020-11-17 10:28:08,102.0,Traffic,2973,
835,60.528645,-69.735457,2020-07-19 18:15:46,76.3,Events,1014,
836,-63.4702935,25.678945,2023-08-01 07:26:17,73.2,Traffic,927,
837,-80.0600655,29.982174,2021-07-14 19:53:00,115.7,Air Traffic,494,
838,7.5566765,122.8906,2023-03-23 06:49:16,78.8,Railways,1597,
839,-78.9739325,-169.526103,2021-05-09 23:09:50,106.8,Events,143,
840,-84.024352,-45.406745,2020-08-13 12:39:15,67.0,Construction,2209,
841,11.547524,-146.886713,2022-05-14 18:57:34,94.8,Railways,1602,
842,58.6837585,-125.230019,2023-04-25 04:39:59,43.6,Traffic,1856,
843,80.3188715,90.63348,2023-06-11 20:22:39,91.9,Railways,240,
844,42.106792,40.625915,2020-03-28 02:37:40,83.0,Natural,2123,
845,27.576732,-151.558371,2023-06-15 05:06:53,43.5,Railways,2181,
846,-40.885658,-58.923265,2020-10-27 22:25:58,64.8,Machinery,54,
847,-52.696472,158.066664,2022-12-14 20:23:48,89.4,Air Traffic,1790,
848,0.502659,75.83544,2021-12-14 03:28:01,119.6,Air Traffic,3180,
849,80.8554585,43.564333,2021-03-16 17:48:05,100.3,Natural,138,
850,20.049478,173.456106,2022-06-25 04:52:43,62.5,Construction,1999,
851,43.310286,-107.951106,2020-10-27 17:05:01,105.9,Railways,2028,
852,50.653735,-39.190415,2021-09-29 16:08:36,57.8,Construction,2531,Easy know sing future thought.
853,-7.1391305,71.718979,2020-11-10 02:42:44,91.5,Natural,1237,
854,-23.950214,-61.284579,2020-06-07 17:49:56,99.8,Construction,1551,
855,23.1259055,1.773017,2022-12-06 07:15:45,56.8,Natural,773,
856,71.437247,-105.809957,2021-09-03 00:48:18,128.3,Natural,2886,
857,81.164239,130.767023,2022-01-19 10:31:33,110.3,Machinery,606,Short letter third.
858,54.3034045,-178.767984,2021-12-13 13:46:52,91.2,Construction,3406,
859,-23.893767,-61.562638,2020-01-30 07:41:12,74.9,Air Traffic,1101,
860,-84.470487,76.599753,2023-02-04 22:32:44,71.0,Industrial,2562,
861,-18.739287,-93.868692,2021-01-28 02:32:22,108.8,Traffic,2219,
862,6.606524,2.249791,2023-03-02 07:01:02,98.4,Railways,203,
863,-22.4457065,-25.904086,2023-06-27 22:08:27,66.1,Industrial,1802,Mean meeting force leader explain reflect star.
864,37.84372,-160.353559,2021-06-25 18:05:58,69.2,Traffic,1297,
865,35.609622,-166.452808,2022-12-25 01:47:28,51.9,Industrial,1359,
866,20.185785,-73.966338,2020-12-17 05:19:29,126.3,Machinery,3287,
867,78.1032715,54.50114,2020-08-04 11:37:26,83.1,Natural,2547,
868,47.0666055,-178.833433,2022-07-28 06:05:03,122.5,Natural,1669,
869,76.857843,-98.882829,2021-08-10 13:32:54,89.3,Railways,2508,
870,15.164435,124.521763,2022-02-07 11:33:20,54.2,Industrial,351,
871,-6.674643,105.688357,2021-06-22 03:03:08,96.5,Air Traffic,1098,
872,-27.0504485,122.32646,2020-02-03 22:25:04,79.6,Air Traffic,1479,
873,-80.3568255,167.101729,2023-04-22 19:37:44,111.7,Natural,54,
874,12.1281195,-65.504772,2023-01-01 07:01:07,83.8,Construction,910,
875,72.4621085,70.880886,2022-05-20 13:18:43,70.2,Machinery,2563,
876,13.6587925,10.375967,2020-12-22 22:30:09,125.4,Natural,1578,
877,70.3024795,-100.143132,2023-02-06 13:18:50,91.9,Machinery,1158,
878,-13.0448085,96.299993,2022-11-13 13:34:23,75.0,Air Traffic,1646,
879,29.8861105,-27.914409,2020-04-26 10:47:44,85.1,Machinery,3020,
880,-33.083845,76.187096,2020-12-22 17:41:51,51.4,Air Traffic,3388,
881,-77.520074,-3.930842,2020-03-03 17:05:10,58.3,Machinery,2265,
882,58.3733845,0.951693,2021-04-10 06:54:38,45.2,Industrial,1350,Consider great top second market.
883,-3.7497835,179.290332,2021-04-18 10:59:22,105.8,Construction,824,
884,5.399058,101.381221,2020-04-11 07:18:49,107.6,Construction,318,
885,62.440277,-57.667756,2021-07-02 19:17:31,90.7,Traffic,3283,
886,24.3168665,-120.547387,2020-06-27 15:03:11,63.9,Railways,3166,
887,-57.708828,175.168183,2020-12-06 10:26:34,42.2,Construction,2557,
888,-87.408194,27.139168,2020-11-05 04:35:07,60.4,Natural,2797,
889,-32.910658,121.265708,2023-07-27 20:18:36,106.3,Machinery,1502,
890,-19.398854,167.893369,2020-02-19 12:34:28,113.1,Events,1739,
891,71.951168,-14.852195,2023-02-03 03:21:22,94.0,Air Traffic,2316,
892,-32.577294,84.245484,2023-06-10 13:58:39,75.3,Events,2564,
893,-29.986009,17.91247,2023-01-03 05:15:16,63.7,Events,912,
894,-73.739157,57.026804,2022-11-26 04:45:05,77.2,Traffic,59,
895,-18.3614365,45.26694,2021-06-15 19:10:23,75.3,Air Traffic,1218,
896,-74.56741,-59.019991,2020-11-18 15:04:02,40.9,Machinery,1806,
897,-78.4199685,-172.789349,2022-10-30 13:44:33,103.8,Industrial,561,
898,-78.9631725,13.669317,2021-11-01 06:34:40,40.2,Railways,998,
899,-44.739726,9.11666,2023-05-26 09:08:33,55.3,Natural,1277,
900,44.7394245,157.54999,2020-12-09 09:30:39,118.9,Air Traffic,1755,
901,21.903303,-133.576754,2023-07-16 21:24:56,83.4,Events,944,
902,38.277571,-39.328485,2020-08-28 22:12:07,53.3,Machinery,1867,
903,89.5810205,168.851952,2021-03-03 00:42:22,75.1,Traffic,3001,
904,37.1474285,-148.976477,2023-01-14 18:12:12,122.1,Industrial,1720,
905,87.632353,49.052123,2022-03-11 09:53:31,100.1,Natural,2742,
906,65.133577,-149.025477,2023-04-16 17:50:28,91.3,Construction,1031,
907,85.146904,-15.359509,2022-08-27 02:17:32,41.4,Railways,2343,
908,57.171998,1.020404,2020-11-21 03:58:26,101.0,Construction,1566,
909,37.4302,-105.211124,2020-04-13 02:23:45,116.1,Natural,2391,
910,70.1163495,-12.520427,2021-10-29 12:41:56,74.4,Construction,3316,
911,-31.642074,-142.538995,2020-10-15 09:35:49,97.3,Construction,3369,
912,-0.413016,-100.726217,2022-03-21 15:45:46,106.8,Industrial,628,
913,-43.526646,127.98158,2021-10-04 02:59:16,121.2,Railways,1403,
914,-58.7318765,-29.84802,2022-01-01 06:46:59,87.6,Industrial,2969,
915,57.575488,99.776539,2020-01-04 18:49:22,70.4,Traffic,1016,
916,-44.4401615,121.501867,2021-11-28 16:29:55,109.2,Traffic,3538,
917,64.062517,119.027476,2023-08-09 08:23:14,113.8,Traffic,2563,
918,-16.602111,-133.989938,2023-03-17 22:56:55,111.8,Air Traffic,1059,
919,-82.6359375,-158.24744,2020-01-18 09:03:04,61.4,Traffic,1550,
920,56.1299755,147.090288,2023-01-18 18:07:39,93.2,Events,2366,
921,-82.470683,144.066547,2023-07-21 23:35:36,72.5,Events,2846,
922,-80.094103,-125.506258,2023-07-02 22:20:02,126.0,Natural,2620,Free discover direction history spring place term.
923,-37.1158435,-62.369102,2020-08-30 05:33:07,46.7,Air Traffic,1980,
924,37.736699,-116.281177,2023-04-27 12:41:12,74.1,Air Traffic,3178,Care pressure article like off during.
925,-63.12036,92.272566,2023-09-26 19:14:17,75.7,Natural,3128,
926,-34.2963235,-70.674159,2021-08-08 01:39:17,87.5,Railways,2543,
927,48.442735,-3.15343,2022-12-13 11:06:55,113.7,Air Traffic,646,
928,-72.973675,-10.792363,2022-09-02 10:58:39,83.4,Air Traffic,1359,
929,-37.322626,70.289125,2022-10-23 11:10:11,105.7,Traffic,3078,
930,-64.1402495,-122.755288,2020-09-02 09:13:57,98.8,Events,2002,
931,32.4690455,149.333123,2021-04-20 15:32:34,98.2,Railways,1351,
932,73.7540765,90.636006,2020-03-17 15:01:53,95.1,Construction,1339,
933,65.7017725,-50.11465,2022-09-07 17:42:04,52.9,Natural,66,
934,21.569758,-131.533892,2023-06-21 23:58:12,63.3,Construction,2021,Pay green as.
935,41.887689,168.067482,2022-10-14 07:24:55,76.9,Construction,378,
936,-75.91667,136.190921,2021-10-11 05:11:10,97.0,Air Traffic,1649,
937,-32.8667865,80.170164,2020-06-01 14:49:16,76.8,Industrial,269,
938,-45.1222725,150.340419,2021-01-31 12:27:57,45.6,Industrial,3127,
939,85.2309635,-163.88106,2022-02-24 02:18:35,45.4,Construction,3564,
940,88.6180215,37.858784,2020-07-01 04:39:21,113.6,Air Traffic,1843,Better black also only.
941,85.739254,136.538216,2022-11-04 06:25:32,121.1,Construction,2481,
942,5.194934,-20.143306,2020-12-21 04:39:27,85.8,Traffic,1149,
943,-8.0173375,-131.935877,2023-06-14 05:15:10,116.5,Traffic,325,
944,-12.6945725,109.08373,2020-09-28 17:41:03,112.5,Natural,974,
945,-76.9974885,-77.570643,2023-05-26 13:46:36,47.4,Machinery,771,
946,-89.7139015,86.915393,2021-10-22 16:23:08,72.2,Construction,3182,Adult friend memory real sure small fish.
947,8.5061055,-153.823834,2020-05-30 14:29:38,47.5,Air Traffic,327,
948,66.520832,-111.694781,2020-05-02 22:19:23,56.0,Machinery,1491,
949,73.1849715,81.690441,2021-06-29 05:06:24,60.3,Traffic,881,
950,26.216512,-85.697155,2020-03-29 21:24:43,92.1,Air Traffic,2916,
951,-29.9877365,-81.93855,2020-03-24 05:02:30,53.4,Natural,1339,
952,87.1884805,-63.774228,2020-06-16 17:17:39,91.2,Industrial,2250,
953,16.178541,167.531277,2020-05-29 13:20:39,112.3,Traffic,1347,
954,-74.0411555,-11.820604,2022-01-07 17:39:43,97.5,Machinery,2549,
955,-61.9566105,70.372148,2021-01-23 18:58:08,89.8,Industrial,623,
956,-30.700567,79.606376,2020-12-03 22:19:10,59.6,Traffic,1913,
957,12.583679,-82.956696,2020-06-30 14:00:18,57.8,Air Traffic,2092,
958,-38.844818,144.416183,2021-03-11 10:19:15,52.0,Construction,420,
959,-81.492291,-167.054974,2020-07-16 05:35:31,106.4,Construction,1111,
960,-60.262386,-35.543838,2022-09-27 18:50:31,102.5,Construction,3485,
961,-17.8065195,137.265527,2022-12-30 02:22:37,46.6,Traffic,2526,
962,-86.9120155,-8.827914,2022-12-01 16:01:15,127.5,Industrial,2289,Spring mother do former worker plant too.
963,-46.789383,110.496205,2021-09-21 06:11:35,53.7,Railways,248,
964,-86.64813,47.218439,2022-08-29 23:52:26,41.1,Construction,2955,Tend for experience option keep civil.
965,-11.5528895,40.605905,2020-05-15 17:40:11,116.4,Industrial,2425,
966,-62.4955225,22.498171,2021-10-11 14:06:37,103.3,Traffic,1301,
967,-6.740804,48.661564,2020-10-01 21:29:57,72.2,Natural,38,
968,25.125906,-137.40853,2021-08-29 00:48:07,97.4,Air Traffic,363,
969,23.488562,147.881753,2022-03-24 01:27:08,111.7,Traffic,1403,
970,23.2663695,-33.490319,2021-03-09 13:44:53,48.6,Railways,2123,
971,-25.2552645,-81.067922,2021-01-16 14:55:21,59.3,Industrial,165,
972,84.1101415,31.261722,2023-05-22 21:43:09,53.1,Events,802,
973,9.0406775,116.850385,2022-03-06 11:32:26,108.5,Machinery,833,
974,-59.410428,61.113835,2023-08-21 06:11:47,122.4,Air Traffic,376,
975,-26.21542,166.416765,2020-05-12 14:11:09,82.2,Railways,998,
976,28.6517325,-91.871117,2023-08-19 14:16:35,104.3,Air Traffic,3255,
977,-13.071398,76.276214,2020-05-19 17:15:03,47.5,Construction,2039,Star question interview suddenly because agency.
978,-46.17926,-26.288207,2020-08-20 13:12:52,87.8,Industrial,513,
979,-22.0509705,-48.546457,2021-12-03 16:20:11,40.1,Natural,1358,
980,79.507204,86.341101,2022-12-15 03:22:19,118.5,Natural,196,
981,65.6838125,-126.968296,2023-03-01 13:38:07,40.8,Events,2156,
982,18.7771295,121.845753,2022-08-11 01:08:58,126.3,Events,1054,Bring case data.
983,-9.6848265,144.687793,2020-07-29 12:44:31,57.7,Construction,1722,
984,70.1703425,128.062724,2022-09-14 10:48:45,120.2,Events,1658,
985,-29.949459,-42.64239,2021-06-16 10:57:20,60.7,Natural,2477,
986,24.6448105,0.923597,2020-05-30 20:53:39,109.2,Air Traffic,1368,
987,-42.5839335,136.62638,2021-02-18 14:48:44,49.5,Natural,2816,
988,22.539742,-52.567226,2021-12-21 16:04:34,64.3,Traffic,704,
989,-39.732224,122.71608,2023-01-18 03:54:38,64.1,Events,3013,
990,82.3934365,-60.044812,2021-08-15 08:12:36,58.0,Industrial,1952,
991,-55.3597675,155.92302,2022-01-09 04:44:23,66.0,Traffic,1826,
992,35.877115,0.507217,2022-04-23 21:28:18,121.9,Railways,2092,
993,12.267894,-46.34799,2022-06-02 01:59:41,119.9,Construction,2284,
994,50.5537505,-79.602478,2021-06-14 00:10:43,69.6,Construction,3007,
995,-31.946671,172.150783,2022-02-19 23:38:58,117.5,Air Traffic,1687,
996,65.675329,-29.045875,2020-02-29 03:57:01,108.7,Events,1342,
997,30.9194185,43.38775,2022-04-23 15:55:04,84.2,Air Traffic,2544,
998,-32.51404,132.82975,2022-07-09 11:28:17,89.2,Railways,158,
999,-38.529043,73.478135,2022-06-04 10:39:49,107.7,Traffic,1122,Other her suddenly.
1000,41.337024,11.536002,2020-07-11 17:44:58,83.0,Traffic,2133,
