land_id,land_area_(sq.m),latitude,longitude,date_of_record,land_use_type,ownership,estimated_value_(usd),comments
1,5308.06,-56.8969385,166.667276,2022-02-24,Industrial,Private,497125.17,Very again whom center down attack.
2,2981.87,-3.488293,-150.109716,2020-10-07,Agricultural,Private,740475.22,
3,8104.01,-2.913304,165.544321,2022-08-14,Industrial,Community,368307.97,
4,1644.95,56.2971565,-99.337758,2023-09-08,Industrial,Community,148853.0,
5,8746.3,-82.459807,179.589114,2020-03-25,Commercial,Private,135673.76,
6,4584.24,71.5686465,35.243798,2023-02-26,Recreational,Community,413415.62,
7,9617.15,68.496736,-160.272333,2023-08-04,Commercial,Government,549222.77,
8,9999.54,-65.471889,25.317233,2022-01-30,Commercial,Private,591623.49,
9,1022.84,-70.159451,153.58849,2022-08-27,Industrial,Community,229572.39,
10,9041.18,9.958361,-97.433806,2021-01-07,Industrial,Private,4089311.91,
11,9867.73,-4.7533225,-26.682266,2023-03-29,Industrial,Private,4487391.66,
12,6614.42,-43.677819,69.002912,2023-03-26,Residential,Private,2690668.85,
13,5234.41,-82.1792815,-153.315169,2022-10-31,Residential,Government,2437047.27,
14,1317.42,76.4391845,95.913904,2023-04-04,Commercial,Government,170128.84,
15,4808.62,3.101933,-45.279938,2023-09-16,Forest,Private,166491.18,
16,8488.23,77.9585285,13.37436,2021-01-16,Recreational,Private,3233029.01,
17,5514.25,86.5472795,142.971857,2022-12-01,Forest,Private,1348368.22,
18,639.71,-84.2346975,86.605141,2022-05-27,Recreational,Community,232217.24,
19,5358.29,-10.329864,-157.299096,2022-08-05,Agricultural,Government,2051677.26,
20,9397.97,6.371495,157.393764,2021-05-16,Forest,Community,4333841.74,
21,9010.51,13.946819,-58.695282,2023-07-05,Agricultural,Private,3844865.68,
22,163.7,-79.683901,95.922336,2020-09-09,Industrial,Community,60632.62,
23,5474.91,36.2928215,46.766602,2020-08-16,Forest,Private,536113.79,
24,3514.66,-19.7290065,146.511615,2020-11-27,Commercial,Government,584770.31,
25,1496.16,-52.9263815,-148.769964,2021-04-06,Residential,Private,654815.21,
26,6772.08,-54.6508845,162.187342,2023-01-08,Industrial,Community,841056.42,
27,893.27,87.6972125,-4.616019,2023-03-28,Forest,Community,143113.22,
28,4318.99,17.2387745,-112.701621,2020-03-15,Recreational,Community,2056849.24,
29,6841.71,24.4872505,-120.366988,2023-07-24,Commercial,Private,2221512.32,
30,3175.73,61.0850755,98.520207,2020-11-30,Industrial,Community,1579040.44,
31,6697.87,72.401999,-48.000003,2023-07-09,Recreational,Community,197160.94,Bad human court fly usually.
32,1744.83,8.997644,-169.060097,2020-05-13,Recreational,Government,234476.12,
33,1365.53,7.1610985,-116.372105,2022-11-08,Forest,Community,356347.03,
34,771.98,7.738867,88.644126,2022-04-13,Agricultural,Government,79203.39,
35,2638.16,-82.2166515,-174.192915,2021-11-19,Forest,Government,908969.73,
36,9500.32,31.789498,-127.326027,2021-04-02,Industrial,Community,1404167.06,
37,6510.56,-81.533778,80.561671,2022-09-18,Recreational,Community,3195411.51,
38,3545.72,-54.9857755,169.028656,2021-07-19,Residential,Community,663336.76,
39,1716.66,70.364858,-110.591893,2020-01-15,Residential,Private,649293.51,
40,2470.99,-67.7947725,164.358895,2023-06-10,Industrial,Private,379545.5,
41,8578.13,16.72328,125.09338,2022-12-11,Commercial,Private,1207351.27,
42,8129.41,-49.6446295,-63.270429,2021-10-14,Agricultural,Government,3262039.64,
43,1255.41,76.663006,174.940653,2023-08-10,Forest,Community,480316.56,
44,1180.21,-89.762511,162.553436,2023-06-21,Recreational,Government,314917.52,
45,3105.3,40.381999,-37.560255,2021-01-31,Commercial,Government,767877.51,
46,1219.41,-44.778958,147.510467,2020-08-19,Commercial,Government,448267.05,
47,9501.01,28.115519,31.597361,2023-05-15,Industrial,Government,3674236.99,Value agreement whom over range.
48,8397.11,-6.2804335,34.560737,2020-01-23,Forest,Community,2472911.6,
49,9251.55,17.3783105,-162.901729,2020-01-17,Industrial,Government,1406117.31,
50,5730.94,-66.139342,4.340785,2020-07-31,Commercial,Private,1662915.07,
51,4277.8,-76.3270265,117.711893,2022-04-01,Forest,Private,735732.15,Foot fire exist somebody.
52,3304.0,-29.853383,44.061428,2022-04-12,Residential,Private,910772.28,
53,2848.06,-8.251031,-144.31446,2020-02-13,Forest,Government,564166.3,
54,8782.93,-39.920118,93.48333,2023-03-23,Forest,Private,1064383.59,
55,6702.89,45.0927745,97.688441,2022-12-28,Commercial,Private,679722.71,
56,9704.92,68.4186175,-83.778809,2022-09-20,Recreational,Private,238489.41,
57,8923.2,-33.3006775,60.672359,2021-03-05,Agricultural,Government,2994242.37,
58,2533.61,69.5103125,-2.727238,2021-04-11,Forest,Government,291556.04,
59,3870.4,1.604375,-40.767614,2021-08-25,Forest,Government,929417.91,
60,6734.42,45.7528215,108.681079,2023-04-06,Agricultural,Private,725168.64,Information story area next.
61,7187.05,54.7367515,61.360572,2023-06-04,Residential,Private,474344.61,
62,596.04,62.7454735,-144.650467,2021-01-02,Agricultural,Government,172253.83,
63,8076.19,-67.1108045,-84.6941,2020-06-19,Industrial,Government,1471262.07,
64,5306.46,-27.687487,-115.484875,2021-10-28,Agricultural,Government,1577123.0,
65,4848.39,89.8008265,38.879216,2021-02-05,Recreational,Government,810942.55,
66,2120.23,79.37949,154.510292,2020-09-03,Forest,Community,975750.82,
67,1826.0,28.728873,-137.502619,2020-06-15,Commercial,Community,412867.3,
68,1169.4,-8.6704685,-102.170695,2023-05-27,Forest,Government,27414.94,
69,7370.74,-45.434919,-128.126845,2021-10-01,Forest,Community,1607037.37,
70,1558.5,-11.9315565,-18.007219,2020-07-30,Commercial,Government,472694.72,
71,2889.88,56.1220775,147.427232,2023-06-04,Forest,Government,1237885.86,
72,3629.16,24.8792175,85.961533,2020-01-10,Industrial,Government,446914.33,
73,9452.68,-60.386478,-68.201537,2022-12-11,Commercial,Community,485304.56,
74,3994.57,-83.027424,65.470314,2020-11-10,Forest,Community,619365.3,
75,1381.57,-25.2177715,3.940653,2023-02-04,Commercial,Private,533035.4,
76,2895.85,78.7408675,81.420226,2021-08-03,Residential,Community,147010.23,
77,7593.05,-12.710687,54.369774,2021-10-31,Forest,Government,148301.69,
78,8674.89,48.722692,-107.671624,2020-04-08,Agricultural,Community,2780095.89,
79,2252.35,-23.669066,15.562084,2020-08-02,Industrial,Private,458749.53,
80,2880.56,49.449287,28.166366,2023-04-23,Recreational,Private,812802.91,
81,9507.04,51.0007425,133.54993,2021-10-19,Recreational,Community,1382486.99,
82,6951.41,19.9491335,-79.734883,2020-08-24,Commercial,Private,338182.09,
83,745.66,-34.72482,-55.349799,2021-09-05,Residential,Government,362177.06,
84,2284.33,53.7863045,-104.711949,2022-05-11,Recreational,Private,860278.33,
85,1477.13,16.272685,-54.9218,2021-05-24,Commercial,Government,708541.43,
86,3778.88,87.3507195,87.393408,2022-07-12,Residential,Community,54206.25,
87,3600.32,-0.1129705,4.121963,2023-07-15,Commercial,Community,721550.63,
88,7490.27,-23.670503,72.493126,2022-07-04,Industrial,Government,233237.27,
89,5303.37,-15.4136005,3.547041,2021-08-08,Forest,Community,2272519.64,
90,7006.37,-70.3380755,-85.995395,2022-12-28,Forest,Community,1423196.11,
91,9580.65,25.282552,-54.925662,2021-11-10,Agricultural,Government,2340562.77,
92,7855.27,-66.130497,-81.145873,2021-11-06,Forest,Government,559060.42,
93,1820.99,67.046302,-66.733683,2022-01-28,Agricultural,Government,417824.33,
94,6315.61,13.812416,119.750146,2022-07-01,Agricultural,Government,837890.25,
95,4568.95,67.1503635,-69.357937,2023-04-22,Agricultural,Government,245201.7,World pick paper to movement firm.
96,3261.9,-65.018654,40.977872,2020-08-30,Agricultural,Community,1316981.86,
97,6088.84,-80.726833,68.708217,2021-01-29,Forest,Private,1595345.96,
98,4510.14,-71.055887,-84.465867,2022-02-10,Agricultural,Community,1543820.11,
99,3658.92,-80.023339,-28.787559,2022-07-04,Forest,Private,605819.82,
100,8512.08,79.14249,40.446077,2023-09-15,Commercial,Private,4187496.49,
101,7550.65,19.992257,-46.41985,2022-11-15,Agricultural,Community,2315006.61,
102,2010.1,-88.086391,109.180188,2022-02-28,Agricultural,Government,980358.14,
103,5356.77,-70.131474,99.749472,2020-01-17,Residential,Government,1592191.3,
104,3195.41,-15.398746,-129.92304,2020-12-22,Commercial,Private,47936.25,
105,65.75,72.491223,64.193309,2020-12-12,Forest,Government,7750.85,
106,4479.53,-49.3243265,-170.070497,2020-04-16,Forest,Private,1366114.7,
107,2803.35,-27.3342435,-0.78537,2022-03-09,Recreational,Community,66390.64,
108,2809.45,45.339112,2.73664,2022-10-31,Commercial,Private,494018.03,
109,2840.89,23.8729535,-57.072625,2023-02-02,Agricultural,Government,1223843.59,
110,9184.04,-18.1540285,65.056371,2022-10-09,Forest,Community,2645526.14,
111,6334.79,-67.3271185,-62.651061,2020-03-19,Residential,Private,2804675.18,
112,1052.42,-40.0662735,151.96483,2023-03-27,Commercial,Government,68285.77,
113,3998.79,-61.7675625,-98.232801,2020-10-26,Forest,Government,1401019.56,
114,485.72,-21.07772,-107.020505,2021-08-12,Industrial,Private,181745.95,
115,3207.32,-59.730526,-123.328778,2020-12-11,Agricultural,Private,282857.23,
116,5758.32,65.341098,-25.657821,2021-09-12,Commercial,Private,163399.2,
117,1779.44,32.9590245,-39.032968,2022-04-08,Industrial,Community,258697.93,
118,3291.44,-56.074897,-127.56904,2020-06-18,Industrial,Community,419729.4,
119,2846.32,-84.8171,-19.740121,2022-03-28,Forest,Government,812613.44,
120,1345.6,-79.01459,121.219223,2022-02-02,Recreational,Government,345291.51,
121,6493.97,8.735378,-136.150153,2020-03-12,Residential,Community,1036847.96,
122,7469.52,-50.8350035,9.991056,2022-04-02,Commercial,Community,1349339.49,
123,5740.48,-21.478644,-115.671268,2020-06-30,Recreational,Community,746228.8,
124,8272.31,-70.2682015,161.414203,2023-08-05,Residential,Private,3331944.92,
125,3442.35,82.648866,-77.718251,2023-02-19,Residential,Community,449963.27,
126,7813.74,73.5082705,-137.623018,2020-09-26,Forest,Private,2814278.53,
127,392.33,36.5540915,121.69129,2022-09-12,Recreational,Community,63069.3,
128,7835.2,57.223688,44.372918,2021-10-19,Commercial,Community,727473.33,
129,4442.33,-25.485581,49.033572,2020-10-23,Commercial,Private,543613.79,
130,3695.72,32.882913,-122.683867,2022-03-12,Agricultural,Community,1470553.57,
131,8036.86,-39.6793075,96.566361,2020-06-25,Agricultural,Private,3870650.14,
132,1914.37,57.6870185,117.701057,2022-07-25,Recreational,Community,868326.92,
133,5080.4,-21.2432485,99.337505,2023-07-15,Commercial,Private,1450257.11,
134,5619.15,71.615258,15.273778,2021-11-21,Residential,Private,1722460.15,
135,1362.71,-16.5529615,132.4392,2023-02-16,Commercial,Government,205498.52,
136,9445.24,75.942672,-39.482458,2021-01-10,Agricultural,Community,281513.47,
137,1055.34,-25.01666,-41.497482,2020-09-27,Agricultural,Government,450228.13,
138,6573.48,82.236998,5.167241,2022-03-21,Residential,Community,3062223.28,
139,8705.59,-74.921238,-121.792546,2020-05-26,Agricultural,Government,3873004.04,
140,3750.33,-83.611421,60.980269,2021-01-27,Forest,Private,1174857.71,
141,4189.14,-67.3820045,-20.285377,2020-06-08,Commercial,Private,1495887.44,
142,2003.12,-42.4051155,54.372198,2021-09-25,Residential,Government,904122.48,
143,8042.59,61.645512,164.72358,2023-07-24,Residential,Government,879029.31,
144,8636.42,85.4533915,-119.368364,2023-02-21,Commercial,Government,219472.62,
145,7704.44,-41.977463,75.997326,2022-07-13,Recreational,Government,2134825.63,
146,8504.68,35.644457,119.176048,2023-07-27,Forest,Government,421369.33,
147,2273.48,-68.066019,145.079785,2020-09-10,Commercial,Community,742575.42,
148,4185.33,18.390982,17.852238,2021-12-25,Recreational,Private,959889.62,Successful building shake ever.
149,9861.82,-43.200122,-109.946115,2020-09-02,Industrial,Private,969932.14,
150,8894.08,-57.1998555,-22.290064,2021-02-10,Agricultural,Government,750604.99,
151,9672.93,67.863005,153.4196,2023-04-07,Residential,Private,3968626.39,Responsibility go magazine something language across kid.
152,2076.99,-67.5083155,-160.558553,2021-11-19,Residential,Community,251488.55,
153,1107.05,60.4806595,-125.508239,2022-11-17,Commercial,Government,420031.25,
154,1597.66,-30.5405685,91.136345,2020-09-15,Forest,Government,465824.91,
155,2240.04,-61.4233045,-144.555402,2021-08-28,Residential,Government,1115043.84,
156,2102.19,-6.793935,-23.358485,2021-01-10,Industrial,Government,84379.57,Opportunity manager responsibility serious firm.
157,4705.74,77.3643335,-76.518394,2023-08-01,Residential,Private,1512352.11,
158,8218.02,-15.293474,116.940929,2022-03-18,Commercial,Private,1558863.49,
159,8018.72,26.9175345,-166.760825,2022-10-07,Recreational,Government,896561.39,
160,5363.59,11.733211,-58.235972,2021-10-04,Commercial,Community,1651768.64,
161,4831.2,-78.341965,-36.994307,2020-07-29,Industrial,Private,1179633.03,White treatment cost at speech it.
162,4595.61,-84.0422845,-80.282051,2020-12-07,Forest,Private,375340.44,
163,4163.16,-17.6268795,-96.957234,2020-04-01,Industrial,Community,1936507.45,
164,7013.72,-79.817943,79.609336,2023-09-05,Residential,Private,2267201.42,Hotel husband suggest music.
165,3802.84,35.92314,1.517383,2020-01-03,Recreational,Community,1020597.09,
166,4074.59,-71.583742,-151.489608,2020-09-14,Commercial,Private,1988652.77,
167,5688.14,72.4462905,154.770935,2020-07-11,Forest,Community,841783.13,
168,5076.44,53.7722035,-55.834103,2020-08-25,Commercial,Government,967883.81,
169,1395.77,-19.276916,119.360502,2022-03-26,Industrial,Government,227473.51,
170,9272.01,54.042925,178.840252,2020-01-02,Forest,Private,2372899.8,
171,821.42,21.5787925,99.230563,2020-07-08,Commercial,Community,191837.94,
172,2523.93,-2.286185,90.806503,2020-07-06,Recreational,Private,33836.26,
173,194.93,19.1225985,-35.612356,2021-01-25,Commercial,Government,95637.81,Own fear help feeling.
174,2683.36,-22.0509095,108.782779,2020-09-05,Commercial,Government,484177.33,
175,2118.76,-81.6862275,-143.501502,2021-02-25,Forest,Government,824315.99,
176,9937.54,-86.0444755,-83.153604,2021-05-18,Agricultural,Community,625718.61,
177,2142.67,-55.582738,29.254904,2021-12-12,Commercial,Community,719456.92,
178,4617.06,-78.825676,43.832948,2020-09-14,Forest,Community,133453.41,
179,9590.09,-66.611376,6.874066,2020-04-09,Recreational,Government,1412256.77,Science close they single.
180,9458.14,15.1826865,-72.916452,2020-02-17,Forest,Government,1447580.72,
181,8144.62,27.4887825,46.219626,2020-09-02,Forest,Community,3992363.72,
182,7393.35,-69.5889035,174.640056,2021-10-27,Residential,Private,570051.38,
183,2689.58,-21.647762,66.13539,2022-11-05,Commercial,Community,565213.12,
184,9457.62,-17.064145,6.335633,2020-03-14,Residential,Private,3444749.82,
185,2784.68,-4.55021,-37.123101,2023-03-31,Commercial,Government,1339607.55,
186,6603.95,58.956391,12.184207,2020-06-11,Industrial,Private,703256.69,
187,2484.38,-79.145879,-84.061415,2020-04-28,Residential,Community,995035.51,
188,3836.93,44.569838,-159.017908,2020-07-06,Agricultural,Private,1543126.26,
189,8383.87,-59.4370235,165.564722,2020-12-05,Agricultural,Government,430227.84,
190,257.06,-49.290062,-54.534609,2021-11-09,Forest,Community,65009.44,
191,4027.66,40.9951325,146.929244,2022-08-13,Forest,Government,1532810.66,
192,4614.08,-33.7498385,39.856388,2020-06-11,Agricultural,Community,1792049.51,Prevent themselves buy public audience.
193,9028.19,-10.239136,-9.902313,2022-01-18,Agricultural,Private,3268011.16,
194,4955.99,47.6718785,-97.973752,2021-06-02,Commercial,Government,1742813.44,Family available mother meeting order.
195,1669.71,12.8910355,-81.761149,2021-07-27,Recreational,Community,586199.46,
196,8630.11,-66.2046085,107.129082,2021-06-05,Agricultural,Community,1035334.12,
197,4531.73,45.116863,104.535074,2021-04-26,Forest,Community,1761929.69,
198,7216.24,-50.432683,82.178356,2021-02-12,Forest,Private,2498216.39,
199,5755.89,-7.7349645,75.173215,2023-03-14,Agricultural,Community,182813.21,
200,5332.9,-44.458673,161.984017,2021-05-11,Residential,Government,597454.88,
201,9067.71,-86.0372225,-44.151388,2020-09-04,Forest,Government,1949720.06,
202,9669.9,25.3798665,-117.008965,2020-08-25,Recreational,Private,1748066.49,
203,7583.38,6.6255245,132.796865,2022-05-31,Industrial,Government,2241209.22,
204,7603.48,-83.107169,-101.120711,2023-01-28,Forest,Community,2425542.44,
205,9974.2,-60.046988,68.40522,2022-03-30,Agricultural,Private,2585984.96,
206,9651.62,-49.82657,-3.187266,2022-10-21,Recreational,Government,618070.22,Message west memory teach.
207,6172.05,61.0079355,-118.529996,2021-06-29,Industrial,Private,890692.58,
208,1719.96,-28.8046675,-171.574463,2021-04-10,Agricultural,Government,261765.62,
209,528.09,-70.0330325,-168.679472,2023-05-12,Industrial,Private,251461.73,
210,4241.88,2.3940535,-94.743973,2021-05-13,Recreational,Government,1931151.04,
211,8539.3,-9.005163,73.75587,2022-03-24,Commercial,Community,1951249.1,
212,8683.77,9.9956595,93.818152,2023-06-13,Forest,Private,2761223.71,
213,7401.8,-8.1961445,122.911899,2020-10-09,Residential,Community,2451132.03,
214,118.4,22.194048,-17.175286,2022-09-24,Commercial,Government,33002.7,
215,125.1,53.177765,-144.068728,2020-05-26,Recreational,Community,48008.21,
216,6918.63,-81.7737245,66.249682,2021-02-18,Recreational,Private,2997207.4,
217,8269.89,79.589856,129.560101,2023-04-26,Recreational,Government,415878.83,
218,6272.6,51.1310165,143.459539,2022-05-30,Forest,Private,1450548.77,
219,3364.91,-4.017708,-5.970965,2023-01-31,Recreational,Government,112564.39,
220,1580.23,-71.935771,21.147879,2022-02-20,Residential,Community,461779.03,
221,5972.32,35.738883,-140.315742,2023-07-20,Residential,Community,99324.29,
222,8689.31,-54.820867,174.12622,2021-08-14,Residential,Community,4152691.89,
223,4217.88,59.037139,-24.758815,2023-03-06,Residential,Community,1548169.07,
224,3428.63,-75.8516305,-175.460546,2022-10-30,Residential,Private,820496.07,
225,5510.92,-43.1803665,-102.278557,2020-07-06,Industrial,Government,1231012.12,
226,3607.45,-63.744406,-108.97289,2020-02-19,Recreational,Government,1660522.53,
227,708.42,-60.0302745,41.197604,2023-01-19,Commercial,Community,68606.04,Play gas guy man during woman.
228,6925.55,-67.5104145,57.386399,2023-05-25,Agricultural,Government,1097849.82,
229,8170.31,-60.512198,164.671945,2021-12-11,Industrial,Government,477287.65,Music service black paper fish alone box.
230,2953.75,-35.225899,127.623922,2020-05-12,Commercial,Community,59578.47,
231,7263.69,-62.67331,-121.787178,2022-03-22,Forest,Community,859435.15,
232,152.91,-28.945822,-40.338406,2020-05-23,Recreational,Community,75838.05,
233,76.47,-7.3754125,115.937405,2023-01-17,Recreational,Private,2046.63,
234,346.58,16.890527,49.278874,2022-07-05,Residential,Community,22155.8,
235,5467.86,19.03155,173.863357,2020-12-29,Recreational,Community,456605.66,
236,4434.83,71.885108,141.403931,2021-12-18,Agricultural,Government,2085243.12,
237,8851.82,-30.121143,-158.972943,2021-11-28,Agricultural,Community,391533.61,
238,2369.2,-52.725804,165.458804,2021-05-30,Residential,Community,806248.4,
239,1030.59,-16.887274,154.802522,2020-02-15,Commercial,Government,122467.82,
240,5618.38,74.4236315,0.128531,2020-05-15,Agricultural,Community,34493.09,
241,7741.16,-83.870272,97.616021,2020-04-29,Industrial,Government,334022.04,
242,1637.34,-10.194467,65.424729,2023-05-16,Recreational,Community,206318.82,
243,4153.02,23.0710535,-171.959531,2023-01-27,Industrial,Private,1920161.26,
244,2220.13,-54.43687,44.83708,2022-11-20,Forest,Private,978563.53,
245,8763.63,-25.846998,-143.47603,2020-03-31,Forest,Community,847890.79,
246,2332.61,29.677073,-173.675443,2021-05-03,Commercial,Government,194063.96,
247,1637.02,-26.417051,-34.076908,2021-09-16,Recreational,Community,692025.45,
248,3942.16,30.7408075,177.536519,2023-05-25,Industrial,Community,271672.17,
249,4855.6,-5.651129,20.719029,2023-03-08,Agricultural,Community,835567.37,
250,7189.81,53.3247795,-65.007525,2022-08-03,Industrial,Community,2801540.34,
251,5818.52,-65.802009,-10.113645,2021-05-21,Residential,Government,2068843.64,
252,1696.56,67.06447,-104.502973,2021-10-13,Commercial,Private,18732.82,
253,2224.84,-14.7006685,113.195362,2021-11-27,Forest,Government,505993.09,
254,2519.25,-1.6873215,-69.212398,2021-10-13,Industrial,Government,1220973.62,
255,898.02,66.1325425,-101.68683,2020-09-07,Recreational,Community,199951.66,
256,1876.87,-19.2243115,-119.197304,2021-06-16,Forest,Private,454702.19,
257,1679.95,9.3756355,-24.81442,2021-05-25,Agricultural,Private,167126.96,As respond knowledge question six.
258,636.5,22.3175715,-64.903118,2022-02-12,Industrial,Government,20286.29,
259,1563.62,8.6414865,-48.937632,2021-03-21,Commercial,Government,626353.81,
260,353.84,84.586124,-54.947699,2022-10-18,Agricultural,Government,165634.99,
261,9788.52,-73.89967,-95.687177,2020-01-25,Recreational,Private,2579501.19,
262,3003.41,-58.6054725,99.504079,2022-07-13,Forest,Government,989403.98,
263,5370.49,83.614981,146.327388,2023-04-18,Recreational,Government,1400488.93,
264,4420.5,40.961667,110.388819,2022-01-14,Recreational,Government,644889.03,
265,3777.48,-45.2173395,70.181652,2022-03-05,Agricultural,Private,802225.14,
266,5529.97,-17.9866575,-156.300565,2023-05-03,Agricultural,Community,997165.75,
267,117.96,-44.4541675,100.431961,2022-06-13,Industrial,Government,38189.86,
268,5059.42,60.7847835,1.858694,2020-10-16,Agricultural,Community,1098286.15,
269,7228.32,-27.43702,-160.734035,2022-02-20,Forest,Private,783062.75,
270,7345.38,88.4485975,-138.934296,2020-09-17,Commercial,Government,2877815.52,
271,8043.12,23.9459595,-120.069875,2023-03-16,Forest,Community,1950358.33,
272,6558.37,-85.8822895,-139.702329,2021-05-28,Forest,Government,2816784.33,
273,8682.14,44.792874,-48.923776,2021-09-13,Recreational,Government,1116138.72,
274,6014.49,68.7740745,16.578967,2020-02-22,Residential,Government,567012.28,
275,6112.04,59.5400675,-24.966111,2020-02-14,Forest,Government,1359322.48,
276,7995.54,49.9292125,-43.00447,2020-06-24,Industrial,Community,414453.15,
277,2785.4,-1.36544,82.412519,2023-07-15,Industrial,Community,24963.82,
278,7579.59,2.0491895,-29.703792,2021-07-23,Residential,Private,1568550.92,Worker reduce about room.
279,535.97,-81.506343,-38.840284,2020-04-10,Commercial,Private,78662.63,
280,2643.82,-41.7279605,-156.949686,2022-07-07,Residential,Community,77476.33,
281,8222.46,-33.932822,120.210296,2022-10-25,Recreational,Government,1933461.38,
282,404.95,18.527525,-68.21531,2021-07-21,Forest,Community,143858.73,
283,2595.17,8.591839,-114.425834,2022-09-04,Agricultural,Community,679062.65,
284,9958.72,-63.7866735,-55.758414,2021-09-16,Agricultural,Private,1897403.26,
285,1336.32,-69.443807,-145.917678,2021-07-21,Industrial,Community,516885.92,
286,7545.2,38.4502765,-118.738731,2020-06-12,Commercial,Government,1032041.38,
287,1084.6,-46.867955,-86.624665,2023-05-30,Residential,Government,370001.07,
288,4821.87,-58.6441315,-22.448143,2021-02-02,Agricultural,Government,765973.75,
289,7522.82,-57.553887,-42.914363,2021-04-23,Recreational,Community,1036519.88,
290,6913.13,76.567718,-76.260367,2020-05-11,Commercial,Private,69298.16,
291,8314.41,85.355128,88.85828,2020-10-30,Agricultural,Community,3339368.63,
292,5770.06,76.9121,-96.536502,2021-06-07,Industrial,Private,1713584.7,
293,4468.76,-88.3742885,-18.584643,2023-01-08,Commercial,Private,2202393.15,
294,2288.15,-57.591382,119.137029,2023-05-27,Industrial,Community,817335.92,
295,7343.0,-27.869201,-172.41899,2021-07-11,Industrial,Government,2177753.58,
296,9674.41,76.4957935,64.77851,2020-06-20,Industrial,Government,3136518.45,
297,8854.45,-2.436927,-8.8253,2020-07-05,Industrial,Community,2449888.18,
298,3026.99,75.234157,135.881306,2020-10-06,Commercial,Government,429487.56,
299,9570.76,6.4744345,166.367193,2020-06-01,Agricultural,Private,2202467.89,
300,1194.5,36.3799915,164.35753,2023-03-28,Agricultural,Community,53145.0,
301,906.61,-65.0876415,-168.620112,2021-10-08,Industrial,Government,216318.83,
302,9827.9,-75.5864955,-79.515218,2020-11-15,Commercial,Government,4143827.87,
303,4085.77,45.421552,-48.036863,2022-10-05,Forest,Community,751708.79,
304,7777.89,-74.110075,145.786285,2022-08-11,Residential,Community,2795794.7,
305,4433.22,25.8322595,-174.23414,2021-10-07,Agricultural,Government,665114.69,
306,6323.43,-86.1136015,-146.545809,2020-08-13,Industrial,Government,920054.65,
307,1740.13,-60.8760995,2.126381,2022-10-01,Residential,Government,377486.52,
308,7180.46,51.5620515,109.136092,2023-05-23,Industrial,Community,1017530.32,
309,9191.93,4.583895,0.326111,2020-06-21,Industrial,Private,1027378.54,
310,903.2,-49.67573,84.303245,2020-11-04,Industrial,Private,388132.07,
311,1204.05,-18.9736995,98.47108,2022-05-16,Recreational,Private,424419.04,
312,7945.61,-34.1554825,-32.492699,2020-06-18,Agricultural,Community,3248726.55,
313,2981.36,-5.4747195,-105.167805,2021-09-13,Industrial,Government,542225.26,
314,8770.47,74.5821645,102.742947,2021-04-11,Commercial,Community,1770832.51,
315,4907.65,72.991692,-100.013466,2020-04-21,Commercial,Community,431888.44,
316,6868.2,-62.90727,29.691375,2020-08-13,Residential,Community,924393.44,
317,8472.96,-50.134618,178.299257,2021-06-01,Industrial,Government,3630258.48,
318,6580.25,-58.9553895,44.082815,2023-09-03,Commercial,Community,2207524.36,
319,8210.89,-50.1823785,141.419085,2023-05-11,Commercial,Community,293204.13,
320,9822.73,-3.6706285,-50.363331,2021-03-17,Recreational,Community,3846559.74,
321,9167.72,3.9352765,55.72813,2021-01-26,Recreational,Government,3940691.56,
322,1014.71,4.7659655,-54.019171,2020-08-07,Commercial,Community,368051.49,
323,7642.16,64.470961,61.444697,2023-09-16,Agricultural,Private,1110346.92,
324,5569.22,-17.1608245,94.958405,2022-08-27,Commercial,Government,2460351.03,
325,7550.32,-84.595821,-127.688231,2021-10-12,Recreational,Private,578572.64,
326,1247.68,-23.374736,-129.597622,2022-05-27,Forest,Private,519173.34,
327,8527.79,-41.2439585,25.907191,2020-12-08,Agricultural,Community,122267.62,
328,8525.8,74.9975115,-100.171136,2020-02-17,Agricultural,Government,1433868.71,
329,6201.0,-57.0458405,-59.576118,2022-12-28,Recreational,Private,2915878.46,
330,4488.73,10.168955,178.38818,2022-11-20,Industrial,Government,954944.05,
331,4243.12,-72.639881,-49.658776,2022-05-09,Recreational,Community,1505080.47,
332,2583.25,78.887005,175.586396,2022-08-09,Forest,Government,713400.39,Treatment never likely machine all book however discuss.
333,6328.31,70.3186045,94.620568,2022-07-31,Recreational,Private,1052270.76,
334,7339.16,4.193472,88.479946,2020-03-22,Residential,Community,1059072.83,Push level black material prove.
335,2889.22,73.560036,118.383979,2023-01-09,Forest,Community,22638.75,
336,8465.98,3.5566735,103.827829,2020-08-14,Agricultural,Community,2024902.76,
337,4509.4,48.306647,-35.474284,2020-02-15,Recreational,Community,649544.96,Sell present deal travel out.
338,2646.92,-25.184507,-111.980036,2021-04-03,Commercial,Private,1276258.02,Dog us today play determine customer risk.
339,3445.43,-17.199549,-56.788239,2021-03-31,Commercial,Community,738786.95,
340,6842.64,28.8692055,-128.542945,2021-12-28,Industrial,Government,299673.05,
341,654.77,54.9825135,-151.095581,2021-02-26,Residential,Private,299932.48,
342,4260.25,41.259322,155.283775,2021-12-14,Agricultural,Government,1410855.91,
343,9384.88,35.4446365,-109.515173,2022-04-04,Forest,Community,1463776.94,
344,1110.74,79.733806,7.976823,2022-12-08,Forest,Community,273349.51,
345,7878.29,14.0689255,26.718264,2022-08-01,Recreational,Private,2161318.49,
346,3415.7,72.6878,148.253876,2023-07-07,Commercial,Government,306145.5,
347,3308.39,-32.9811625,137.22147,2023-03-22,Residential,Government,122822.85,
348,8282.88,-27.5693875,9.199897,2023-03-17,Residential,Private,3692385.43,
349,9341.89,74.095254,-38.127404,2021-09-04,Industrial,Private,3827994.5,
350,8737.27,88.764025,14.753128,2020-06-02,Residential,Community,3351574.49,
351,3876.85,-43.0363585,-100.094118,2020-10-15,Forest,Community,277431.68,Item safe event fill tonight.
352,3256.6,71.4305685,-77.335336,2021-06-10,Agricultural,Government,1065938.75,
353,4474.96,-27.4105275,-88.998933,2021-09-20,Agricultural,Community,1541358.32,
354,4805.84,-27.131712,-62.845863,2022-07-16,Residential,Community,530960.51,
355,1716.55,-58.5020635,-169.255468,2020-03-09,Industrial,Government,815403.3,
356,4262.24,25.6069295,113.856561,2020-06-02,Residential,Community,691793.92,
357,9774.05,-1.8226055,-115.566791,2023-07-03,Industrial,Government,848226.41,
358,4561.53,34.783222,-175.414458,2022-02-07,Agricultural,Government,703777.39,
359,3302.89,33.1356975,47.035852,2021-07-04,Residential,Community,397993.98,
360,4643.0,69.875563,-113.539075,2023-01-17,Residential,Private,24952.79,
361,6452.61,44.9328585,-13.183669,2021-09-11,Residential,Private,1840533.99,
362,4084.43,-28.6543855,-102.609532,2021-01-17,Agricultural,Government,1906476.47,
363,8564.61,7.495947,169.928541,2020-09-03,Residential,Government,3263752.05,
364,5469.0,36.2421355,55.683658,2020-11-18,Residential,Community,1145710.75,
365,6701.15,63.7145125,81.640791,2022-01-14,Recreational,Private,1311742.77,Plant in program four tree whom little discussion.
366,479.81,-73.537364,-174.930415,2020-03-01,Recreational,Government,22067.94,
367,8889.42,58.014334,-78.986411,2021-11-06,Commercial,Government,2987723.45,
368,4894.02,71.49377,152.558102,2021-01-25,Recreational,Private,2368095.97,
369,88.84,-53.374012,-118.296648,2023-02-23,Agricultural,Government,7894.0,
370,9481.2,-54.2894795,-125.576505,2022-02-18,Recreational,Community,777615.34,
371,1777.38,-56.7790815,18.033442,2022-10-10,Commercial,Private,270603.24,
372,5880.71,-78.3954755,-145.640929,2023-02-21,Residential,Government,1937209.72,
373,3065.06,-88.6859525,-25.575307,2021-12-08,Residential,Government,43377.54,
374,3076.97,28.769318,121.700899,2020-08-06,Commercial,Government,839722.07,
375,4061.01,-56.692625,-151.46172,2023-02-12,Residential,Private,1388501.78,
376,8898.57,32.942928,-45.369997,2022-06-05,Agricultural,Private,882145.23,
377,3866.44,24.369066,-34.448517,2023-05-13,Industrial,Private,1471637.86,Candidate week across street term.
378,9484.49,58.57872,138.473419,2023-04-24,Forest,Private,1502066.54,
379,785.57,-73.3702725,81.420795,2021-02-25,Recreational,Community,219234.44,
380,1303.21,28.8363715,-165.267925,2022-09-01,Commercial,Government,512551.34,
381,7521.54,78.2945275,-43.041898,2020-01-25,Recreational,Government,760480.47,
382,4508.19,-79.0333215,176.584323,2023-08-11,Recreational,Private,1975151.36,
383,5369.08,16.04057,-138.714804,2020-10-01,Forest,Community,740138.23,
384,6496.61,87.317012,-14.450463,2020-11-04,Industrial,Private,1701306.57,
385,3786.61,-74.6465465,55.302923,2023-06-09,Agricultural,Government,1613186.15,
386,6414.45,41.850477,-66.510708,2021-01-31,Industrial,Government,88713.5,
387,7335.11,-43.3906,-123.396684,2022-02-10,Residential,Private,1871936.65,
388,1250.1,-8.362466,59.988683,2020-04-06,Forest,Community,148927.2,
389,3871.34,89.3142345,115.590267,2023-06-04,Recreational,Private,1797066.69,
390,4187.39,74.692176,44.918493,2022-03-27,Recreational,Private,523508.6,
391,4785.95,-55.4388195,-16.465249,2023-05-23,Forest,Private,442464.99,
392,1806.58,-48.7485265,164.743686,2020-10-08,Industrial,Government,576391.87,
393,3861.91,-27.6499815,3.631188,2022-11-03,Industrial,Private,1926574.68,
394,491.4,83.099392,-6.517624,2022-03-10,Agricultural,Government,244377.51,
395,3727.3,73.571469,-16.684865,2022-03-17,Commercial,Private,1763606.07,
396,6445.9,-48.300086,-146.076284,2022-09-02,Forest,Government,2634639.77,
397,2462.63,18.795974,-66.596713,2022-01-29,Recreational,Government,488126.42,
398,5229.91,29.7160495,-14.905607,2020-08-23,Agricultural,Community,1608911.22,
399,1338.66,-87.4115575,163.217858,2022-02-07,Commercial,Government,388435.06,
400,2779.04,1.3149305,143.767667,2020-10-29,Industrial,Private,314878.03,
401,2396.93,35.7563875,119.081401,2020-12-31,Residential,Private,130887.46,
402,6646.52,63.792959,8.315773,2023-09-01,Agricultural,Community,828442.07,
403,2216.69,47.235052,-44.577899,2022-03-18,Residential,Government,799367.69,
404,6669.96,43.260094,-94.305584,2021-10-14,Forest,Government,1926479.61,
405,6539.58,-54.8497735,-164.449301,2021-11-23,Industrial,Private,3064831.18,
406,7790.39,3.42165,165.52822,2020-01-07,Recreational,Government,149332.3,
407,8579.61,64.467857,-116.551243,2020-08-23,Recreational,Government,285087.93,
408,8322.33,-70.395282,106.421053,2020-04-15,Agricultural,Community,3947802.51,
409,3453.76,47.8634875,-97.053892,2020-05-27,Commercial,Private,1003182.86,Eye season fill long religious defense language.
410,533.07,-86.445428,16.885182,2022-10-15,Forest,Government,78460.94,
411,4799.61,-61.2458285,135.607937,2023-09-14,Agricultural,Private,2243502.13,Left source read position record out.
412,1381.11,-83.743112,-111.511601,2023-04-05,Forest,Government,591510.76,
413,5620.9,21.379064,27.045993,2022-03-20,Forest,Government,2685995.38,
414,396.89,-78.1410855,21.212701,2020-12-11,Recreational,Government,163534.7,
415,9119.85,41.875717,-22.18189,2023-09-01,Residential,Community,2390513.85,
416,3989.0,37.976535,-151.337781,2022-06-08,Agricultural,Community,1911317.76,
417,6401.53,-50.2279045,-108.383462,2023-07-18,Agricultural,Community,1592864.4,
418,2631.93,-48.4144935,11.167345,2021-02-03,Forest,Community,318860.68,
419,7017.06,59.0262705,53.89229,2020-05-26,Residential,Community,2446534.41,
420,1877.69,-7.9919955,55.487362,2023-04-05,Forest,Community,782485.42,
421,2877.99,32.9103115,48.853123,2023-04-15,Residential,Community,695252.22,
422,3994.29,-54.6297895,117.483449,2020-04-02,Residential,Community,1642793.26,
423,360.14,88.8666725,-107.919517,2022-07-25,Agricultural,Private,119460.2,
424,7879.38,85.4924175,70.20027,2023-03-22,Commercial,Community,2150809.2,Decade worry their appear management garden.
425,7124.46,55.3739515,-44.45861,2023-08-31,Forest,Private,493632.35,Over human majority sea fire eye adult him.
426,9955.97,-26.022306,10.452052,2021-01-26,Commercial,Private,4270962.08,
427,9310.35,38.3339795,120.81454,2021-08-28,Recreational,Government,1193291.73,
428,5163.08,75.332471,42.05869,2021-02-21,Agricultural,Private,333795.33,
429,6106.66,-27.3303765,177.369193,2022-09-01,Forest,Private,1408184.54,
430,6456.01,70.969641,132.863239,2023-08-06,Commercial,Community,2324761.66,
431,3670.15,-25.558082,105.704814,2023-04-06,Commercial,Private,1326147.81,
432,6542.0,79.5758435,-171.150279,2023-03-02,Recreational,Private,1154462.79,
433,8054.82,-85.1301355,-96.535073,2020-09-10,Recreational,Community,1119615.56,
434,8724.18,36.5427775,-157.313111,2023-03-18,Forest,Government,550449.94,
435,5020.08,-60.572811,-164.727286,2020-02-19,Industrial,Private,210621.28,
436,4239.77,10.713394,129.470014,2020-01-27,Industrial,Community,1422746.69,
437,8934.14,-79.8032735,41.755244,2023-04-12,Commercial,Private,3410750.08,
438,6972.91,27.395074,-112.914225,2022-05-31,Residential,Government,309703.24,
439,2540.67,-48.549317,126.578734,2022-11-30,Residential,Community,44878.79,Although politics able upon alone question thousand.
440,1389.67,-9.59405,4.682398,2020-01-28,Commercial,Government,507546.8,
441,9730.84,6.2171995,-168.159213,2021-09-08,Forest,Community,1502828.75,
442,2546.54,-56.4733295,16.257035,2020-07-15,Agricultural,Government,305957.76,
443,6856.49,42.806788,-94.014276,2020-08-03,Industrial,Government,2158398.02,
444,4784.83,58.6781985,-116.788945,2020-08-24,Residential,Government,1738646.29,
445,4444.25,71.174474,-132.623308,2021-11-24,Agricultural,Private,1193386.72,
446,955.85,-86.804827,-22.533432,2020-10-14,Forest,Private,150339.38,
447,4678.9,-38.262796,-106.709362,2022-04-26,Forest,Government,1770524.14,
448,3532.78,-29.7722965,74.57747,2020-10-24,Industrial,Government,1675842.24,
449,998.25,-40.436292,52.384412,2023-01-26,Residential,Community,60526.26,
450,4968.26,7.140247,-30.187846,2021-12-06,Recreational,Private,309657.93,
451,4564.58,-6.933128,-46.472635,2021-01-29,Agricultural,Government,2111046.21,
452,3088.04,3.636785,-135.768443,2022-03-29,Agricultural,Community,661784.45,
453,4135.49,-45.046221,77.042411,2023-08-29,Agricultural,Government,759602.91,
454,7111.53,-19.2326265,165.453031,2021-07-31,Residential,Government,2311871.67,
455,7749.87,-29.7013745,78.272729,2020-07-05,Agricultural,Private,655799.24,
456,6421.41,-15.0632415,156.445758,2020-01-12,Agricultural,Government,41027.31,
457,1768.33,37.159882,165.977159,2020-09-25,Recreational,Private,381080.84,
458,8664.16,-18.807431,-151.918093,2023-04-18,Forest,Community,3618838.94,
459,1193.17,16.8955845,-130.31142,2021-08-28,Residential,Community,201276.42,
460,5359.73,14.786174,-69.639266,2022-04-30,Forest,Community,2274085.15,
461,182.42,14.63048,-33.422922,2020-11-22,Residential,Government,29140.34,
462,9061.25,39.0648805,-15.615805,2021-01-15,Commercial,Government,1559433.59,
463,6203.06,12.3823935,32.293807,2021-04-11,Agricultural,Community,2578564.85,
464,8273.24,-86.404114,-53.448287,2020-09-01,Residential,Community,3623906.03,
465,1607.88,30.242272,-87.974174,2020-04-28,Industrial,Community,377201.93,Church tell couple decision discussion design.
466,7484.18,-59.5212795,-41.086461,2022-05-28,Forest,Private,2126163.86,
467,8413.98,-71.081487,-79.121943,2022-05-17,Commercial,Private,1493715.75,
468,1535.43,87.353399,-150.531345,2021-11-03,Agricultural,Government,636281.77,
469,7858.41,-52.9150285,-86.445809,2021-09-21,Agricultural,Community,2783962.09,Laugh final nor reach write.
470,134.83,-0.7839135,-153.668164,2023-05-03,Industrial,Private,30946.13,
471,4040.78,-54.186526,70.120264,2023-01-15,Industrial,Community,1892324.43,
472,6713.1,-7.7395185,-155.839375,2023-09-29,Commercial,Private,726448.43,
473,6832.36,27.0988995,116.708621,2022-05-14,Industrial,Community,1452528.11,Tell system worry recognize reality some.
474,7209.74,-87.794566,-172.206338,2023-02-15,Recreational,Community,2864846.7,
475,2863.21,-50.718255,140.710208,2022-11-26,Agricultural,Private,1376904.2,
476,5759.37,89.6145255,-49.585102,2020-07-16,Agricultural,Private,2452207.77,Record image pick treat eye.
477,4179.51,-36.7714585,-64.105789,2020-09-08,Recreational,Government,1403888.1,
478,5737.93,40.1413585,-69.255849,2020-10-21,Industrial,Community,2838248.4,
479,1941.72,-86.223929,122.828797,2022-07-26,Commercial,Private,115285.35,
480,1086.83,-32.272672,85.21996,2022-05-25,Agricultural,Private,504978.91,
481,5288.41,53.924471,179.406281,2023-09-24,Forest,Government,707307.46,
482,2796.26,-49.6550665,147.840488,2021-08-06,Residential,Private,1364401.12,
483,9261.71,-59.8388005,57.998444,2022-09-20,Agricultural,Government,3400993.38,
484,8283.75,17.430888,13.363173,2021-03-28,Residential,Community,655803.87,
485,7457.2,-25.0825915,-71.285399,2023-06-29,Agricultural,Government,1578711.14,
486,8309.03,-2.565949,-47.751045,2020-03-29,Residential,Private,1090706.62,
487,9637.5,-88.6143365,77.533238,2020-07-17,Industrial,Community,3945544.6,
488,638.02,46.6605265,-102.257529,2023-06-16,Industrial,Private,198639.67,
489,7424.23,25.653848,87.151262,2022-06-03,Industrial,Private,778847.92,
490,6547.47,81.3725715,18.71873,2020-12-21,Industrial,Private,3027493.68,
491,7403.7,-15.986594,-22.425315,2023-02-18,Industrial,Community,1478336.78,
492,6241.26,-26.795994,-45.198921,2020-03-15,Recreational,Private,2001211.41,
493,4915.27,60.7490925,16.975249,2022-11-07,Residential,Government,323044.18,
494,8879.15,83.081626,76.377362,2023-08-19,Residential,Private,2887614.5,
495,9809.96,-9.5018265,-14.887471,2023-07-17,Agricultural,Government,3692016.94,Since company but organization woman.
496,2980.52,-29.4321425,-138.586377,2022-05-12,Residential,Private,392107.81,
497,2813.98,89.1661675,126.168291,2021-11-16,Residential,Government,672784.97,
498,7775.59,-28.5240535,-79.270223,2020-06-07,Agricultural,Private,160317.04,
499,9618.72,-3.374776,-59.457878,2020-09-18,Residential,Government,2916263.42,
500,5977.45,-19.9096075,134.29224,2021-04-05,Commercial,Community,1582016.06,
501,5679.23,60.165897,-138.872139,2022-01-31,Recreational,Community,2024627.95,
502,2094.35,-5.4000215,-152.762465,2022-11-15,Industrial,Private,614641.68,
503,8536.92,82.4872495,68.091755,2021-12-23,Recreational,Government,1403570.59,Manager thing manage method your best.
504,7257.04,-53.8909605,-124.5621,2020-10-31,Industrial,Community,1609721.8,
505,3010.47,67.7247585,-55.370465,2020-10-12,Recreational,Community,611349.66,Education whose policy child.
506,155.48,0.9991955,-53.33765,2022-03-04,Residential,Government,59577.21,
507,7455.55,61.783464,-142.008023,2021-04-26,Industrial,Community,1478027.74,
508,7247.97,45.4994805,125.058603,2022-09-17,Residential,Private,2215408.7,
509,2039.2,89.425629,106.197895,2021-08-09,Recreational,Community,1002934.49,
510,9388.95,-18.7140745,97.973966,2022-02-08,Forest,Private,4307671.98,
511,7742.55,81.7585375,134.106658,2021-09-02,Commercial,Community,3339121.42,
512,1205.83,-87.578328,178.36296,2022-06-25,Residential,Private,331935.15,
513,4048.26,37.460495,139.544983,2022-10-04,Agricultural,Community,362254.36,Evidence door less book room keep great.
514,6349.78,12.048643,6.496499,2020-07-09,Recreational,Community,2234383.14,
515,7464.09,-32.2798975,51.619653,2020-09-28,Forest,Private,3460546.66,
516,9008.34,69.0241925,24.671556,2020-11-26,Industrial,Community,2512267.54,
517,9068.74,-45.3552225,-42.715235,2023-09-19,Forest,Community,1886842.76,
518,9990.92,-7.059667,56.158185,2021-07-18,Forest,Private,968165.48,
519,8527.45,31.127807,3.960815,2023-03-31,Commercial,Community,1053783.2,
520,5428.27,-6.027324,-49.64718,2023-07-08,Industrial,Community,769095.13,
521,5188.6,50.7816275,-173.460448,2021-05-21,Agricultural,Community,899745.1,
522,5546.44,50.175308,102.146016,2021-09-03,Recreational,Community,1741171.97,
523,9479.72,-40.208096,98.184024,2021-04-22,Industrial,Private,2957578.82,Offer wish quality crime sell.
524,9693.82,-51.797963,96.93443,2020-09-22,Forest,Private,2603679.07,
525,7135.66,-63.58875,162.926708,2023-05-22,Agricultural,Government,868106.13,
526,6420.0,-61.542561,52.832944,2020-07-30,Forest,Private,1872861.4,
527,3253.35,-61.601546,162.020745,2022-12-02,Agricultural,Private,711795.81,
528,6684.02,16.277369,-95.8307,2020-08-08,Industrial,Private,1921260.1,
529,622.96,-68.4529525,-28.94962,2022-06-05,Agricultural,Government,284175.49,
530,3967.09,-27.4038785,113.220538,2022-11-06,Industrial,Private,391629.31,
531,3357.7,42.7651675,121.297719,2020-07-02,Residential,Community,1359751.17,
532,8975.04,-46.710413,-40.342026,2023-05-09,Commercial,Community,2671311.56,
533,552.28,-0.687877,57.513018,2020-03-31,Industrial,Government,112343.67,
534,1082.67,19.9258015,168.61627,2022-08-13,Residential,Community,324924.83,
535,7483.92,-66.8229745,-127.654501,2022-04-18,Industrial,Private,408317.92,Travel more leave bill follow.
536,7091.95,46.2484675,-37.365039,2022-07-04,Commercial,Private,113614.64,
537,1205.74,55.265501,-63.815886,2022-10-03,Recreational,Government,204761.77,
538,2331.34,79.287245,156.047399,2022-10-09,Commercial,Private,190609.62,
539,8479.31,59.779597,80.34477,2021-06-28,Commercial,Government,1608629.56,
540,8935.21,31.2791315,-97.07019,2021-11-17,Recreational,Private,1855827.77,
541,7325.29,-15.3892315,-96.04926,2020-02-22,Commercial,Private,2383962.89,
542,779.69,-16.3359765,-25.117841,2022-05-27,Forest,Government,316495.51,
543,702.31,69.573978,-6.73958,2022-03-12,Recreational,Community,61872.25,Food white baby role again response.
544,1429.97,87.2332135,134.167251,2020-11-22,Residential,Government,396521.44,Ever common another foreign grow.
545,4654.12,-44.7323635,-70.154477,2022-12-18,Forest,Private,405363.16,
546,514.96,82.727608,74.219807,2023-03-20,Commercial,Government,154743.3,
547,4326.94,-28.435728,64.139821,2020-08-01,Commercial,Government,940753.57,
548,7758.99,75.642144,-45.218853,2020-07-27,Commercial,Community,582333.32,
549,427.72,-69.2732535,-39.40589,2020-09-27,Commercial,Private,130357.22,
550,7395.95,-36.091325,166.212007,2020-08-23,Commercial,Government,3665824.83,
551,2248.89,62.6640935,7.761985,2020-01-09,Agricultural,Government,260714.3,
552,7148.77,-23.614694,90.8701,2020-03-15,Forest,Community,2571562.87,
553,7169.43,-24.487774,120.994226,2022-09-17,Residential,Community,1333246.15,
554,5543.15,-57.326,100.913427,2023-08-11,Industrial,Community,1259865.84,
555,3604.46,59.116344,-0.654502,2022-11-21,Recreational,Government,1193103.88,
556,2864.53,38.2925965,-172.192887,2021-10-16,Recreational,Government,1315829.61,
557,4302.38,61.4653325,125.660291,2022-07-13,Commercial,Community,752098.75,
558,1522.75,-49.7936325,-92.690167,2020-09-05,Commercial,Private,286768.58,
559,9855.92,64.1866575,-31.868432,2021-02-12,Commercial,Government,3559856.89,
560,9223.49,45.23023,-143.995594,2020-09-18,Forest,Government,2563905.57,
561,7368.3,73.5703665,-78.38889,2021-09-16,Commercial,Government,2910612.25,
562,9456.51,-26.737499,-26.939505,2022-12-26,Industrial,Community,3439809.42,
563,6000.47,-86.3065065,-118.914065,2021-02-13,Commercial,Private,2464120.33,
564,8539.71,63.456335,-177.231176,2023-05-11,Agricultural,Government,1962715.69,
565,5075.79,55.3301265,62.027334,2020-11-22,Commercial,Government,615014.56,
566,1624.59,69.4331765,96.611599,2023-07-11,Commercial,Private,417445.69,
567,3060.38,-77.1737245,-90.321589,2023-04-23,Commercial,Community,1075685.27,
568,2488.4,40.6269265,97.895958,2022-09-20,Recreational,Community,88997.73,
569,628.8,63.6205905,4.434731,2021-05-23,Agricultural,Private,76957.8,
570,3966.16,47.075832,-176.671892,2022-10-11,Recreational,Private,1793784.38,
571,305.1,-11.1941385,149.428839,2020-02-24,Commercial,Community,1828.19,
572,5638.28,37.55114,-18.069495,2023-06-28,Agricultural,Government,1332393.25,
573,541.32,-60.2264485,-4.308308,2022-12-13,Residential,Private,135382.11,
574,2083.76,11.538486,-51.61189,2020-03-03,Recreational,Community,781383.24,
575,4530.43,15.713542,-92.023379,2021-01-25,Recreational,Community,655928.87,
576,1276.36,65.3528285,-33.110126,2021-01-10,Commercial,Government,217130.62,
577,5804.73,68.499217,-31.629898,2022-08-02,Commercial,Community,236008.49,
578,2652.02,-50.504117,-165.150223,2023-04-16,Forest,Community,810874.92,Attorney loss manage budget thing.
579,2265.95,-32.3978555,-173.194333,2020-02-21,Recreational,Community,920877.12,
580,9542.5,-38.716462,57.866811,2021-05-04,Forest,Private,3283591.07,
581,3989.84,-44.590235,-91.500977,2021-10-06,Commercial,Private,1246454.45,
582,3324.56,-2.4967575,-30.199107,2021-08-09,Residential,Government,218450.79,
583,2596.7,25.6548515,-141.753318,2020-01-23,Recreational,Community,751734.16,
584,2732.11,44.083475,3.115568,2020-11-15,Agricultural,Government,1100051.26,
585,3509.27,-72.711616,9.893012,2021-04-04,Forest,Private,1407458.36,
586,8114.32,-28.363852,-80.846682,2022-03-23,Agricultural,Private,363351.13,
587,5567.03,18.9028535,135.540105,2023-06-14,Industrial,Community,2500424.98,
588,8700.32,-32.435781,101.730456,2022-09-03,Industrial,Community,2259003.48,
589,401.97,51.630571,-128.196327,2022-09-04,Recreational,Community,165141.67,
590,5443.6,-74.211492,63.366397,2023-04-24,Recreational,Private,806343.68,
591,1323.2,-59.317884,86.134918,2022-10-09,Industrial,Private,528645.48,
592,4742.35,24.7397775,-138.440487,2021-11-22,Residential,Private,1265882.95,
593,3223.96,-0.22653,-27.986018,2023-06-11,Residential,Government,642467.71,
594,5500.37,3.684288,52.105635,2022-11-17,Commercial,Government,1708797.71,
595,5232.22,-1.9687765,-6.927078,2023-08-05,Agricultural,Private,2418539.09,
596,4901.06,-57.2503315,-58.38727,2021-09-26,Agricultural,Government,418079.07,
597,1784.74,47.1856945,-127.176776,2022-10-26,Commercial,Private,623530.12,
598,2241.52,83.0016175,52.984091,2022-04-29,Agricultural,Community,20013.47,
599,5230.44,-44.23129,-80.781037,2021-01-08,Recreational,Community,278947.74,
600,3587.38,-72.3812695,142.288577,2022-10-04,Agricultural,Community,1622047.45,
601,779.5,-8.576086,-85.276291,2022-05-23,Industrial,Community,148455.76,
602,1086.55,-11.0109935,-177.129572,2020-08-03,Recreational,Government,291240.56,
603,6925.18,40.268421,-54.775749,2022-10-28,Residential,Private,2789157.44,
604,1946.0,5.028528,-142.107054,2020-06-26,Commercial,Government,778662.81,
605,5322.3,35.0644775,21.073429,2022-02-28,Recreational,Government,1908725.7,
606,306.37,88.1478005,-178.630749,2023-03-22,Agricultural,Private,134796.18,
607,8270.5,57.490003,-172.133158,2022-11-07,Residential,Community,3921866.46,
608,6864.72,-3.582177,-155.695115,2021-05-06,Industrial,Community,2293282.95,
609,6826.44,-47.176888,169.697241,2022-02-03,Commercial,Government,2395358.9,
610,6805.71,-16.709458,-112.806554,2022-09-12,Industrial,Private,611415.53,Their lot job kind.
611,5270.16,-13.164096,133.125625,2022-07-01,Commercial,Government,2277494.26,
612,530.75,33.70394,36.261603,2021-05-15,Industrial,Government,201543.11,
613,2157.72,-55.7748875,-7.147338,2023-04-26,Recreational,Community,347599.66,
614,2765.08,32.2363875,100.127403,2023-04-07,Recreational,Community,1134945.41,
615,9711.38,-87.4052615,93.08164,2021-08-31,Agricultural,Government,2015835.75,
616,8396.95,-65.403075,16.46,2022-10-04,Agricultural,Government,2253635.04,
617,3921.83,-26.394663,169.465148,2021-01-20,Residential,Private,446188.8,
618,7544.56,57.473787,173.346746,2023-03-09,Residential,Government,1025200.08,
619,9945.06,40.638949,-85.706752,2022-02-14,Recreational,Community,2434626.91,Within draw too sea simple.
620,4031.68,-44.7046775,73.899102,2021-01-25,Industrial,Private,1366790.84,
621,2313.43,-67.1336825,-58.192295,2022-02-03,Recreational,Private,780911.89,
622,8535.72,-43.1160335,27.251473,2021-04-26,Industrial,Community,2211736.63,
623,1097.88,-17.589871,66.146164,2023-01-27,Residential,Community,336427.59,
624,7638.08,87.223933,78.654631,2022-12-14,Recreational,Government,555626.91,
625,4689.36,-16.811897,88.626926,2021-04-15,Commercial,Community,1065056.52,
626,7849.28,-9.292233,-70.159554,2020-01-12,Commercial,Community,3028902.08,
627,8656.32,82.1208505,16.029446,2020-12-14,Commercial,Community,1058965.62,
628,2063.55,27.168531,18.55429,2022-04-03,Industrial,Government,564457.29,
629,6198.76,-12.647028,-26.243869,2022-05-25,Agricultural,Community,2885380.86,
630,3118.14,74.992807,107.395778,2021-04-16,Commercial,Private,1105609.72,
631,130.68,-74.42967,137.165143,2022-10-02,Recreational,Community,51007.79,
632,651.9,-50.2687195,-59.410113,2022-08-03,Recreational,Community,52047.78,Husband event song practice take.
633,582.59,31.930984,-6.512699,2021-09-25,Residential,Private,194088.81,
634,4775.24,54.292558,135.00715,2020-06-07,Commercial,Private,31392.67,
635,8794.85,-48.907458,45.846655,2022-05-08,Forest,Government,3037719.36,
636,784.64,-29.0337255,117.493929,2022-11-17,Forest,Government,210171.25,
637,7182.83,37.2097045,169.1701,2021-08-16,Industrial,Private,806841.87,
638,2093.74,47.33717,-112.428499,2021-05-20,Recreational,Government,900762.89,
639,5795.56,-39.900474,10.579205,2022-11-23,Commercial,Private,31704.57,
640,6745.32,-61.722156,-66.524471,2022-06-04,Industrial,Private,2267132.44,
641,6525.08,-23.906213,-10.070179,2022-05-25,Residential,Government,383491.37,
642,4451.78,-19.4814685,-24.520883,2020-03-04,Residential,Private,188441.0,
643,6033.04,43.0070065,-39.455671,2021-09-30,Recreational,Private,2056320.04,
644,132.31,26.8922805,93.259476,2022-05-19,Forest,Community,22049.31,
645,9792.85,-33.8631215,-110.102169,2020-05-06,Agricultural,Government,3939061.29,
646,7454.26,-24.541212,-4.756766,2021-09-09,Commercial,Government,3316021.28,
647,9125.1,-81.216003,69.655861,2022-08-24,Recreational,Community,4246798.45,
648,9864.2,-6.681622,163.745789,2022-08-22,Recreational,Government,2727192.89,
649,8159.77,66.6943645,-118.958054,2023-05-15,Industrial,Government,2882503.42,
650,9839.77,-39.013662,127.143983,2022-06-13,Industrial,Community,2464033.61,
651,541.4,76.197251,27.592661,2022-05-27,Agricultural,Community,146755.86,
652,8092.14,-10.861821,90.512634,2020-11-28,Commercial,Private,3858101.05,
653,344.71,-9.2322015,82.556952,2020-06-08,Residential,Private,89831.99,
654,5709.04,51.595756,-64.240446,2022-08-07,Recreational,Private,2692148.68,
655,2654.07,-73.9415285,-92.451574,2020-03-20,Recreational,Government,1063836.38,
656,5960.91,65.2517785,39.321412,2022-09-10,Agricultural,Private,174756.55,
657,9878.28,46.9929855,-6.237534,2020-07-01,Commercial,Government,2237434.03,Everybody man church this yourself college.
658,6081.02,-35.5785615,6.415526,2020-03-16,Forest,Private,1364529.37,
659,9156.74,-74.887585,72.253855,2020-07-09,Industrial,Government,4203843.6,
660,1285.0,-87.356319,-124.096198,2021-01-28,Residential,Government,413537.07,
661,9727.15,0.3538655,-121.53618,2021-09-27,Commercial,Government,1111288.62,
662,1499.97,-40.4894165,107.810489,2022-12-14,Agricultural,Private,226424.85,
663,8993.8,-20.091267,-39.082748,2022-05-16,Forest,Private,1165191.02,
664,306.19,31.2656845,-41.323685,2023-09-09,Residential,Community,102298.05,Meet firm offer statement rather hold.
665,5402.96,81.892675,-139.146658,2020-10-30,Recreational,Community,806931.78,
666,740.85,-25.13712,-55.818437,2023-03-01,Agricultural,Community,25769.14,
667,7851.85,-80.801793,-121.86316,2021-02-18,Agricultural,Private,496313.6,
668,6397.43,64.482646,-79.226549,2023-01-03,Industrial,Private,422642.6,
669,4252.82,-49.3127705,-158.780112,2023-04-18,Industrial,Community,1649059.9,
670,5941.42,76.7881835,58.468002,2021-12-21,Agricultural,Government,479925.45,
671,3302.23,76.2347075,-66.297497,2023-02-01,Forest,Government,960079.4,
672,1688.79,-27.257185,-52.853302,2021-09-29,Commercial,Private,443653.57,
673,1407.3,25.7559145,40.62038,2021-04-14,Agricultural,Community,231599.01,
674,7409.16,-20.690129,39.618296,2023-07-04,Agricultural,Private,631667.48,
675,4537.75,-29.536378,-27.392895,2020-01-06,Industrial,Community,1821333.35,
676,4465.83,8.8102535,-133.135182,2022-07-24,Agricultural,Government,1297612.13,
677,2347.61,43.158867,-176.23173,2022-03-29,Recreational,Community,1008912.91,
678,9900.37,51.265224,106.21403,2021-08-23,Recreational,Community,290183.21,
679,8038.91,59.62463,51.240625,2020-12-30,Recreational,Government,2816046.3,
680,2980.16,32.22914,39.017474,2022-01-14,Forest,Community,1139132.14,
681,5434.18,-4.06159,-177.35808,2023-06-09,Residential,Government,2154091.78,Future hand say enjoy scientist century pull.
682,5908.64,38.916388,36.970581,2020-05-21,Recreational,Community,117522.61,
683,238.96,-27.47488,134.89824,2022-06-15,Industrial,Private,103016.78,Campaign east defense Mrs.
684,9005.21,-55.143549,-19.966899,2021-07-13,Recreational,Private,170254.38,
685,1979.69,-11.12737,167.222996,2021-08-09,Recreational,Community,597671.22,
686,9181.16,-11.4138895,25.807196,2022-07-11,Agricultural,Private,161575.08,
687,7617.24,12.681354,131.269173,2023-01-10,Recreational,Community,1714807.59,
688,4969.57,84.8288845,-107.174024,2023-05-17,Agricultural,Community,1608760.2,Probably I life building born could.
689,6877.12,44.919338,-146.139375,2022-06-13,Agricultural,Private,1429054.59,
690,8663.76,-21.4973815,110.915035,2021-12-04,Agricultural,Government,1175737.29,
691,1996.28,-83.141199,-151.132063,2020-09-25,Forest,Community,917226.15,
692,9372.17,-37.3504265,-72.237559,2020-05-15,Forest,Community,814517.3,
693,8513.33,39.37832,-41.706145,2020-11-19,Forest,Government,1605599.48,
694,4131.2,-23.8506145,177.174657,2023-01-20,Industrial,Private,974041.03,
695,6476.7,9.6908515,107.430762,2022-12-15,Residential,Community,1366549.21,
696,4033.88,6.5401215,-21.70311,2021-09-20,Agricultural,Government,1777564.6,
697,3999.55,-71.0067565,-105.100946,2023-05-22,Residential,Community,1789482.97,System key agency dog become.
698,3190.67,56.0971835,124.328783,2021-05-30,Residential,Community,834467.92,
699,1879.69,34.3930765,-153.24128,2021-08-27,Commercial,Private,308168.91,
700,8792.72,61.8763735,163.552061,2022-08-26,Agricultural,Community,2718087.85,
701,2836.66,-86.274198,114.652949,2022-03-23,Forest,Government,685697.98,
702,1639.25,52.088409,-37.232834,2021-11-20,Commercial,Community,170357.95,
703,3305.99,-64.645952,-114.82235,2021-02-23,Industrial,Government,873009.88,
704,2964.17,-46.1554085,96.818624,2022-10-30,Residential,Community,958779.96,Could mean actually account institution back writer.
705,6976.66,79.4475155,-83.678075,2020-12-21,Recreational,Community,48556.56,
706,6629.49,86.1554155,-73.3308,2021-09-18,Forest,Government,1659087.92,
707,2794.65,-15.5874035,-42.626813,2022-07-13,Residential,Community,50161.07,This exist control between agree.
708,1357.56,4.679838,-3.461646,2020-12-13,Commercial,Government,585796.44,
709,542.84,13.5117375,-55.770932,2020-08-04,Industrial,Community,13347.36,
710,3497.25,-61.537886,-84.730094,2020-06-13,Agricultural,Government,353012.72,
711,8682.75,-77.368982,84.312497,2023-01-17,Recreational,Government,1118950.43,
712,1544.51,-32.928011,-134.646563,2023-04-07,Forest,Government,535697.03,
713,592.06,49.034492,-21.398991,2020-10-23,Agricultural,Government,257207.56,
714,1313.57,-77.035825,100.55823,2020-09-19,Agricultural,Community,261708.32,
715,5939.42,-55.841849,97.593583,2020-12-30,Recreational,Community,1528984.14,
716,582.76,33.0824395,97.707556,2022-05-08,Industrial,Private,76654.6,
717,8978.68,70.099181,51.981294,2020-11-28,Residential,Government,2298568.81,
718,7890.89,58.1849265,-71.887205,2023-06-06,Recreational,Community,2944459.91,
719,9503.86,-77.987035,-81.100132,2023-03-25,Agricultural,Government,4592424.9,
720,4970.03,-40.8937545,-31.31265,2020-09-08,Residential,Private,978807.42,
721,4125.48,-50.613471,-59.444916,2022-07-14,Agricultural,Private,1016209.3,
722,9050.82,-23.9337685,12.435652,2020-06-12,Commercial,Government,3423728.65,
723,2075.13,-72.982537,-157.740961,2021-03-03,Agricultural,Private,798547.51,
724,4710.66,-53.4541915,-142.728473,2023-07-04,Residential,Government,2052613.32,
725,6121.56,-38.9249055,-115.240356,2023-05-28,Commercial,Community,1764586.55,
726,9870.41,74.4606695,75.827471,2022-01-15,Agricultural,Community,1853265.83,Person detail various friend service reach indicate.
727,9634.4,-25.545154,-67.835472,2023-05-18,Forest,Government,635661.88,
728,1094.37,-67.66355,-175.444751,2021-12-26,Residential,Government,341931.25,
729,2663.5,-78.166745,-70.810032,2021-05-18,Residential,Community,684799.63,
730,927.33,-78.667303,-115.454025,2021-09-19,Agricultural,Government,133883.25,
731,4555.58,-46.0171145,126.647779,2022-02-04,Forest,Private,951832.3,
732,4573.5,-82.0870695,25.569778,2020-12-26,Agricultural,Community,1578860.23,
733,3342.36,-44.571414,122.012059,2021-03-27,Forest,Community,1345635.03,
734,5257.63,-69.8600635,74.378114,2021-02-28,Recreational,Community,1505841.69,
735,1962.42,72.29155,-15.645974,2021-01-06,Commercial,Private,955014.11,
736,5705.5,28.0814065,73.916461,2023-09-09,Residential,Government,2122370.9,
737,7996.99,63.1118495,27.832864,2022-09-01,Residential,Community,1681611.99,
738,234.16,-17.6958965,83.393414,2022-12-06,Recreational,Private,72088.27,
739,7557.02,24.1842245,-74.145529,2020-04-20,Residential,Government,2237173.46,
740,2340.36,66.713112,-161.384322,2021-02-26,Industrial,Community,851926.01,
741,7814.74,73.3382395,-174.919228,2023-08-22,Commercial,Private,2882035.09,
742,6467.14,63.9963585,44.569304,2022-11-18,Recreational,Government,2771666.08,
743,3961.82,65.685647,13.536148,2021-03-15,Commercial,Private,1513324.42,
744,1966.42,-45.2477365,-146.91524,2023-08-20,Forest,Private,856778.57,
745,7238.83,-17.7187735,-43.810084,2020-06-15,Commercial,Government,2357719.36,
746,697.55,54.3730145,-18.540351,2021-12-21,Forest,Community,176108.67,Land exist growth describe second.
747,1717.09,52.212749,-132.217575,2022-04-22,Recreational,Private,258301.53,
748,4867.49,-40.5807885,137.491804,2020-08-23,Recreational,Private,945134.38,
749,8287.12,-56.208733,170.703443,2022-05-22,Residential,Government,2351672.91,
750,3336.17,-55.2860705,-165.399295,2022-11-09,Forest,Private,1177549.9,
751,4912.27,-66.036448,132.40387,2022-04-26,Recreational,Private,63030.96,
752,958.22,57.2263345,-81.82833,2022-04-08,Residential,Government,167705.15,
753,2587.38,41.312773,-41.960822,2020-10-18,Industrial,Private,348342.17,
754,6402.63,70.4701135,174.584265,2023-07-23,Recreational,Government,2540817.94,
755,7997.55,-87.7058105,-136.54687,2023-07-26,Recreational,Private,321418.63,
756,901.2,10.7337885,102.72945,2021-12-08,Forest,Government,275710.63,
757,5821.47,-80.6303605,-34.157536,2020-03-24,Recreational,Government,2842398.37,
758,8842.06,-25.640904,157.353865,2022-09-17,Agricultural,Community,1147089.62,
759,2933.34,-21.053122,-147.071961,2021-07-24,Agricultural,Community,140101.91,
760,840.27,38.231163,74.414031,2020-06-17,Recreational,Private,356455.64,
761,6977.24,-9.3954825,14.826432,2021-02-23,Forest,Private,2525097.67,
762,9064.74,72.7386085,98.867668,2022-07-05,Residential,Private,757389.28,
763,4306.31,-20.107296,-16.443107,2023-01-09,Industrial,Government,377053.32,
764,9039.89,29.112205,107.152065,2023-04-04,Residential,Government,360144.29,
765,6271.99,69.421938,170.180883,2023-02-13,Commercial,Community,1399365.74,
766,1324.47,-42.040252,-131.310113,2023-08-09,Recreational,Private,526001.37,Eye source how cell.
767,8887.84,66.9052445,-115.143862,2020-12-08,Agricultural,Community,4431699.06,
768,2334.24,82.205431,-58.775913,2020-07-23,Industrial,Community,517231.22,
769,6683.04,12.271328,122.09237,2021-04-27,Forest,Private,2878202.4,Cup far nation again.
770,8919.85,-36.646821,-27.021483,2022-06-27,Agricultural,Community,3451399.63,
771,9904.45,-29.6905995,-47.150746,2023-01-02,Recreational,Government,4012403.21,
772,5304.92,76.7252095,-41.771324,2020-01-09,Agricultural,Community,2009772.8,
773,994.51,-84.970433,-43.57279,2022-07-29,Industrial,Private,219965.15,
774,6070.73,53.347547,-121.190271,2023-03-10,Commercial,Government,2220972.89,
775,5899.43,37.935947,-97.484343,2021-02-12,Recreational,Private,2042681.43,
776,6854.51,46.662693,74.160711,2022-11-18,Commercial,Government,2823491.96,
777,1021.88,-5.6554825,-108.450493,2022-08-03,Commercial,Private,457896.53,
778,7290.71,17.3676805,67.472262,2023-02-19,Agricultural,Private,633634.58,
779,2073.63,77.644668,108.431779,2023-07-24,Industrial,Government,638088.86,
780,4040.72,-21.9287735,140.795896,2021-10-11,Agricultural,Private,824913.27,
781,2008.38,24.5854075,152.93586,2022-11-21,Agricultural,Community,906900.57,Administration key affect two plan report story.
782,7016.6,-13.329095,-162.813285,2021-11-01,Residential,Government,1672915.62,
783,5214.71,54.5903995,154.254722,2023-03-05,Recreational,Private,996703.47,
784,8166.49,-74.5001645,93.840731,2020-08-06,Residential,Private,2572737.44,Method throw argue the charge question.
785,6841.96,-69.9149575,117.596096,2023-06-14,Forest,Government,1833770.33,
786,1425.0,-30.594369,125.109207,2022-02-23,Agricultural,Private,478609.33,
787,9360.0,-38.0412535,-83.421334,2023-03-29,Agricultural,Private,4611503.17,
788,3367.79,4.0275885,68.851823,2021-04-13,Agricultural,Private,382675.73,
789,5364.22,34.769128,56.659964,2022-07-02,Agricultural,Private,1996736.49,
790,789.03,-50.406337,-56.971265,2022-04-12,Recreational,Private,167799.73,
791,3761.03,-89.374619,14.100404,2021-03-11,Forest,Private,1732030.77,
792,3750.74,83.861426,-120.169207,2020-07-27,Recreational,Government,951126.67,
793,6176.41,18.267896,91.319418,2022-07-06,Industrial,Community,2636324.43,
794,8453.89,40.8528565,-107.64534,2023-03-14,Recreational,Government,3767225.19,
795,8251.4,-63.875154,62.401572,2023-02-18,Recreational,Community,1603634.04,
796,1538.2,2.390916,-63.455123,2022-05-18,Recreational,Government,482811.66,
797,8657.12,-33.0667535,-128.717611,2023-04-26,Forest,Government,2261722.49,
798,5933.99,71.8609325,-169.891038,2020-09-17,Industrial,Community,2943232.54,Large service natural win girl citizen message.
799,2511.98,89.881503,77.470521,2021-07-19,Residential,Community,173757.8,
800,9054.7,85.7919735,79.682893,2023-04-29,Industrial,Government,3224895.9,
801,9442.04,-34.8702285,-95.923271,2020-09-23,Industrial,Community,3215697.36,Play realize sound window assume stop prevent.
802,7237.48,20.506309,0.867384,2020-01-03,Recreational,Private,2128209.76,
803,3266.96,78.4171815,-8.953479,2023-03-30,Recreational,Government,894881.06,Rate fine firm improve whole increase.
804,3115.28,78.5986105,-73.683223,2021-08-17,Agricultural,Community,395737.78,
805,6947.25,-15.023296,-77.840868,2020-03-20,Commercial,Government,2454083.1,
806,8748.83,-40.0627075,-173.804752,2021-12-21,Forest,Community,4169777.67,
807,5702.82,55.2661205,111.519597,2021-02-10,Forest,Private,2640075.3,
808,9815.29,-43.854447,106.937987,2022-11-03,Agricultural,Private,759861.65,Feel religious trip view dinner in itself.
809,3046.22,27.0265,129.783186,2022-05-14,Industrial,Private,1280708.22,
810,3995.45,-2.8385005,72.737143,2021-03-20,Industrial,Private,236480.85,Mrs article paper court.
811,1802.22,-51.6999735,-74.892696,2023-01-26,Residential,Private,32606.4,
812,4897.95,-35.0452,-73.155267,2020-11-05,Forest,Private,2023276.41,
813,8917.44,16.5559405,-163.045811,2022-06-02,Industrial,Government,3535788.53,
814,6877.13,11.337744,23.564339,2022-11-04,Forest,Government,1140774.12,
815,8907.42,-66.597771,140.655662,2020-07-21,Industrial,Government,267657.64,Cut including speech serious boy.
816,420.84,-74.656921,31.805529,2021-07-04,Residential,Community,6198.65,
817,1738.28,-59.111093,-150.196162,2023-06-10,Forest,Government,585748.62,
818,3200.63,-27.834241,134.167063,2022-02-18,Residential,Government,1028006.48,
819,8127.8,28.640562,-40.468266,2020-09-22,Forest,Private,1680976.46,
820,4507.53,22.7971285,111.916349,2022-04-02,Industrial,Private,474485.36,
821,1119.68,-56.952135,102.929919,2020-02-22,Agricultural,Government,430050.86,
822,6855.4,-17.2317575,-98.578371,2020-01-31,Recreational,Government,2985053.5,
823,1887.14,-6.731434,-128.69721,2022-06-28,Recreational,Community,215966.08,Crime describe red medical travel daughter.
824,9660.16,-11.92707,-156.19378,2023-06-12,Residential,Government,1583901.16,
825,7663.01,-39.4694505,-65.365067,2023-09-07,Recreational,Government,3786099.36,
826,1327.69,-43.9762405,160.652334,2020-05-30,Agricultural,Government,293975.78,
827,2461.58,-62.9886785,109.729783,2020-10-17,Recreational,Community,967201.9,
828,7573.4,15.572357,90.135538,2022-07-27,Commercial,Government,3406077.74,Step key owner clearly short remain.
829,3093.21,-75.4373735,-162.565349,2022-05-05,Recreational,Community,946896.68,
830,8060.95,-55.021627,155.699404,2022-08-09,Recreational,Government,2670671.96,
831,9039.98,-0.7000725,-25.4113,2022-11-20,Forest,Community,479954.89,
832,372.51,69.4242965,109.000521,2020-04-30,Forest,Community,77352.78,
833,9932.61,28.608308,-141.23256,2020-01-17,Residential,Community,3465904.53,
834,7624.19,1.429564,-97.562001,2020-05-28,Industrial,Private,3366763.19,
835,9918.22,-33.6176545,60.684726,2020-11-11,Commercial,Community,3906851.89,
836,8655.47,13.355005,-60.180208,2022-08-14,Commercial,Private,3187325.51,
837,2065.76,-59.147019,-68.367912,2023-08-01,Recreational,Private,253053.06,
838,4361.81,33.4340735,-174.350541,2023-02-20,Recreational,Private,626838.92,Congress both dark upon.
839,1325.37,66.27207,-77.13517,2020-03-27,Industrial,Government,388158.78,
840,6582.31,54.355662,-90.703384,2021-12-14,Agricultural,Community,1668033.22,
841,9028.77,-27.0946005,137.306283,2022-05-27,Forest,Government,2328791.98,
842,1004.48,-30.8940855,15.222113,2021-12-03,Residential,Government,234614.92,
843,8196.45,-53.860736,130.020892,2021-11-26,Commercial,Government,140527.72,
844,8215.4,14.799896,-77.001175,2023-02-10,Commercial,Government,3654389.08,
845,5759.92,57.9887205,-30.991136,2022-06-08,Industrial,Community,2447576.98,
846,2363.2,57.353278,169.428482,2023-03-25,Residential,Private,775167.77,
847,8565.14,23.608598,-161.750455,2021-05-02,Commercial,Private,2856092.92,
848,5952.31,41.5152915,178.29867,2021-09-12,Recreational,Government,1167960.67,
849,2872.22,50.454212,-80.622072,2023-01-14,Commercial,Government,1237717.58,
850,7366.88,32.7092105,7.017325,2021-07-03,Recreational,Private,2821697.23,
851,6614.18,-47.1714425,-69.31514,2020-01-10,Industrial,Community,385344.07,
852,6916.94,-28.4819915,145.622361,2021-06-13,Residential,Government,2174736.69,Book debate population program whose break record material.
853,5982.69,-88.06767,-35.914941,2023-08-03,Commercial,Community,625234.1,Agree number lot resource they particularly.
854,1083.75,-24.6164585,-95.14756,2020-06-30,Commercial,Government,161141.83,Yes behavior arm feel Republican difficult.
855,758.85,-50.083473,-36.781696,2021-05-07,Recreational,Private,142585.24,
856,7620.47,-41.6805155,11.475928,2022-01-12,Recreational,Community,534059.85,
857,7243.76,15.8822555,13.267763,2022-08-09,Agricultural,Community,1515494.65,
858,5039.85,-39.275084,5.039198,2022-06-24,Industrial,Government,40494.38,
859,8824.37,-56.608246,69.130943,2020-11-18,Residential,Community,4040725.44,
860,6967.85,60.526589,-178.136855,2023-02-02,Industrial,Private,148353.12,
861,7209.29,-18.3902605,-167.225459,2022-04-06,Commercial,Private,1226049.65,Suffer less culture thank approach public term.
862,4429.03,-53.5393425,-102.285839,2021-10-06,Recreational,Community,857810.31,
863,8819.82,59.58461,167.141315,2023-07-05,Agricultural,Government,3544569.75,
864,2884.94,-55.7485835,-28.170163,2020-11-25,Recreational,Government,1237816.65,
865,8462.93,-75.22339,-89.278544,2021-01-07,Forest,Private,2023386.15,Able hour hear writer ok.
866,6169.04,-71.103766,-137.878893,2023-05-13,Residential,Community,823441.68,
867,9733.79,-82.089537,87.813074,2021-03-22,Agricultural,Community,525708.04,
868,6604.11,-75.0490985,134.345905,2022-10-31,Agricultural,Community,2265790.75,
869,58.92,23.3254645,-10.646394,2020-04-14,Commercial,Government,1783.73,Guess various movie until human school.
870,3395.23,-53.390228,-168.769957,2023-05-24,Industrial,Government,328847.8,
871,8439.5,14.584595,-179.930097,2021-03-31,Forest,Private,1863061.09,
872,338.02,-3.727487,148.385693,2023-04-04,Forest,Community,141441.15,
873,4860.31,7.9093765,-169.269562,2023-08-05,Residential,Community,2044632.29,
874,5039.61,87.0693385,-140.360061,2020-09-01,Residential,Community,1983561.21,
875,4243.77,18.4868035,-60.014542,2020-09-04,Forest,Government,1506900.2,Nice scientist hot during.
876,6260.55,80.7106585,-45.653589,2022-07-20,Industrial,Government,1450957.78,
877,7209.73,59.3860255,54.90366,2023-04-19,Recreational,Government,182333.49,
878,1862.37,36.5559545,-17.658906,2020-03-22,Recreational,Community,827614.69,
879,9381.99,55.3974575,22.872843,2021-03-13,Industrial,Government,554038.3,
880,100.75,24.992888,173.4012,2023-08-06,Forest,Community,19313.03,
881,3025.78,-31.097089,-31.988906,2023-09-09,Commercial,Community,665677.96,
882,3475.15,86.912027,60.764473,2021-08-02,Residential,Community,572784.48,Outside within job company.
883,3610.67,89.733093,42.536145,2022-05-19,Forest,Community,1483452.54,
884,2176.69,76.938838,-52.716644,2020-01-29,Commercial,Government,684587.39,
885,3861.39,-48.9448345,-153.90663,2021-10-24,Residential,Community,1569491.73,
886,8040.16,86.366755,21.957375,2020-09-04,Commercial,Community,3766082.09,
887,7534.18,28.9228605,108.444659,2020-11-22,Recreational,Community,2508525.06,
888,5913.86,-83.8171735,111.527586,2021-04-25,Recreational,Private,1349479.77,
889,9069.82,18.485617,-81.061879,2020-01-03,Residential,Government,4324297.02,
890,1200.89,86.3893015,162.331872,2022-01-06,Agricultural,Community,518330.68,
891,2940.12,-87.8614935,54.810271,2022-08-11,Recreational,Government,167287.91,President reality want any.
892,5938.57,-5.0296775,152.358738,2020-03-23,Residential,Community,1367181.85,
893,340.73,-80.07097,22.844273,2021-03-03,Recreational,Government,20096.86,
894,4596.83,-48.5972295,-68.059147,2023-02-06,Industrial,Community,2062797.3,
895,5700.73,82.3259175,70.341098,2022-03-02,Industrial,Community,1693454.69,
896,2471.89,64.2092095,12.649798,2023-07-05,Agricultural,Private,1128318.12,
897,5397.15,38.888906,99.059449,2023-08-09,Commercial,Private,677241.42,
898,3830.13,-85.150421,56.518888,2023-08-10,Residential,Government,1347597.82,
899,6977.29,-21.534198,-174.895028,2021-05-23,Forest,Government,2047981.99,
900,9676.52,-29.254757,-144.011174,2021-06-10,Industrial,Private,849482.5,
901,6242.94,-28.719467,177.017004,2022-10-26,Residential,Community,2193492.17,
902,1370.73,87.2534565,123.017917,2020-08-24,Recreational,Government,596937.92,
903,9252.42,62.5878935,-129.538367,2023-01-02,Agricultural,Private,2884785.58,
904,2909.51,-38.748534,177.339695,2020-07-31,Forest,Community,1230894.94,
905,8361.19,70.10555,-111.467466,2022-04-07,Residential,Community,3325672.8,
906,7210.53,-78.9548985,-129.110438,2021-07-03,Commercial,Private,1678577.14,
907,5169.62,17.4903545,-151.515047,2022-08-14,Forest,Government,2410887.42,
908,8478.45,81.1034265,-63.198271,2021-09-07,Industrial,Government,1998582.93,
909,791.55,56.496009,-52.063718,2020-01-05,Forest,Community,36664.08,
910,5067.83,79.1803295,-96.094192,2022-06-30,Commercial,Private,1178749.18,
911,2832.63,72.804009,-167.574276,2021-04-03,Recreational,Private,456674.61,
912,3684.92,-38.392079,-5.361459,2023-05-26,Industrial,Government,392213.28,
913,7784.1,-54.9776815,67.274357,2021-11-21,Recreational,Private,855977.67,
914,9156.96,-18.453757,141.038901,2022-01-29,Recreational,Community,3427840.23,
915,4895.57,28.0632515,82.708281,2020-07-04,Commercial,Community,724540.53,
916,7316.26,-69.0285575,146.177601,2022-02-28,Agricultural,Government,1893183.27,
917,7251.89,11.1029685,148.592523,2023-02-13,Industrial,Community,177663.65,
918,1577.64,-35.1270965,-96.846279,2021-01-13,Commercial,Private,683869.0,
919,4853.42,-39.869307,140.510417,2022-08-28,Residential,Private,313170.85,
920,6946.54,75.734423,23.812844,2021-10-21,Agricultural,Community,3148642.03,
921,7252.38,72.083566,27.333714,2020-04-24,Agricultural,Private,1685359.75,
922,3776.14,-71.8761235,-62.278993,2020-07-20,Commercial,Government,1299353.68,
923,9133.32,87.2615455,-114.049764,2021-10-29,Agricultural,Community,3706949.85,
924,2697.86,5.307895,173.558358,2022-12-21,Recreational,Community,544563.04,
925,7680.85,83.418331,81.258108,2022-10-27,Residential,Government,1578675.33,
926,5885.34,80.2975375,150.865678,2021-11-11,Recreational,Government,2474708.78,
927,5757.6,-21.3203795,39.994557,2022-03-08,Industrial,Government,2683543.64,
928,148.88,-75.934841,-45.044513,2022-03-24,Recreational,Private,58251.08,
929,1863.82,5.6116305,101.443221,2021-07-04,Residential,Community,542535.09,Risk evidence know add loss.
930,5583.61,2.905618,4.301147,2020-06-27,Agricultural,Community,2225970.36,
931,5518.9,11.8995355,173.290005,2020-10-12,Forest,Private,1617460.31,
932,9511.21,41.2075605,144.03716,2023-03-22,Recreational,Government,157175.28,
933,6511.94,-50.8471545,-24.124841,2020-01-17,Recreational,Community,1647952.32,
934,264.92,53.615959,-134.697719,2023-04-01,Industrial,Community,73980.49,
935,1717.76,69.0161765,-2.333479,2020-03-14,Recreational,Private,213959.6,
936,9678.01,-30.675539,174.740753,2020-09-04,Industrial,Community,3781810.93,
937,7489.24,9.7603955,78.639635,2022-03-16,Recreational,Community,1299418.14,
938,9596.04,65.37182,4.411879,2022-01-19,Recreational,Government,1804344.36,Product notice include thank.
939,2237.4,61.7249345,-111.99076,2021-04-27,Forest,Private,917656.38,
940,6058.66,-4.2411825,122.573652,2023-05-27,Recreational,Private,1614185.48,
941,1401.36,64.6356075,167.969506,2021-04-14,Agricultural,Government,150408.57,
942,9748.09,-37.208329,-7.955279,2021-01-18,Agricultural,Community,520506.82,
943,7132.76,25.783622,-81.531167,2022-05-25,Industrial,Private,1116207.06,Campaign address red I.
944,4324.97,-23.2613295,9.540183,2022-08-08,Industrial,Community,1896789.55,
945,8624.04,-20.9457005,-163.882791,2020-12-06,Recreational,Private,639573.28,
946,3009.59,19.3420085,175.434159,2020-03-07,Forest,Community,801274.6,Question teacher save level away performance identify.
947,3290.13,58.6101995,-162.372625,2021-03-17,Recreational,Private,643531.68,
948,2417.23,58.0975965,-15.691764,2020-09-15,Forest,Community,630288.86,
949,7723.45,67.6322915,71.414422,2021-01-16,Residential,Community,2368764.99,Nice push sense help arm project think language.
950,3183.05,-34.9198255,-113.028317,2022-05-27,Industrial,Community,17586.83,
951,4708.93,36.1204265,-49.19999,2020-06-28,Agricultural,Private,1457536.12,
952,5632.72,85.1162745,-135.499889,2020-12-02,Industrial,Private,571884.68,
953,2195.3,79.54213,132.043081,2022-01-15,Agricultural,Community,70515.18,
954,4519.9,35.89941,157.176898,2020-12-21,Residential,Community,558330.77,
955,2857.66,77.4879475,55.728341,2021-04-16,Forest,Government,1091546.04,
956,4541.32,-46.9141105,45.043974,2021-12-12,Residential,Government,1693277.67,
957,7018.38,-16.0095865,-51.238867,2020-08-30,Agricultural,Community,242265.79,
958,2127.08,-31.2506705,-9.808614,2020-01-20,Residential,Government,98781.78,
959,8964.05,-1.996339,162.978381,2021-11-09,Industrial,Government,3754167.79,
960,7402.01,-85.343367,148.012697,2020-04-21,Commercial,Private,2191960.92,
961,3352.84,-40.499636,56.135067,2021-10-18,Residential,Private,719833.18,
962,4531.64,-20.8366195,69.625384,2023-07-15,Forest,Government,745655.21,
963,9486.25,-62.183654,-50.137256,2022-04-18,Agricultural,Government,179615.61,
964,5468.43,-89.7662095,71.486072,2020-04-15,Residential,Private,821520.24,
965,9665.05,75.641329,14.890034,2023-07-29,Residential,Government,4375909.07,
966,5590.36,-20.7129835,51.228377,2022-08-18,Industrial,Community,1011342.65,
967,972.99,-55.304029,166.48964,2023-07-03,Forest,Government,381651.03,
968,8667.99,44.4521135,155.331841,2023-08-24,Recreational,Private,1894793.25,
969,8203.8,-7.6939225,141.757493,2021-10-22,Recreational,Government,2454185.08,
970,6801.83,-27.20472,156.988107,2022-09-10,Industrial,Private,3324522.05,
971,4606.88,-64.2918285,-54.860826,2021-10-15,Forest,Government,490256.69,
972,1030.94,37.7341355,130.44244,2020-09-08,Commercial,Government,151211.05,
973,1654.29,-6.9680175,9.794224,2020-06-18,Agricultural,Private,38916.29,
974,2254.37,85.9403195,-62.709758,2022-04-29,Agricultural,Community,718726.06,
975,1952.07,48.7973175,133.121696,2023-02-11,Commercial,Community,188984.0,
976,4649.05,-82.3226455,80.51754,2023-07-12,Recreational,Community,1445748.09,
977,1059.24,-22.272925,-69.343847,2023-03-21,Commercial,Government,279774.44,
978,9963.99,33.5622055,-165.880979,2022-06-07,Commercial,Private,844363.3,
979,8212.16,-51.074882,25.421919,2023-01-14,Industrial,Government,3868563.49,
980,5654.07,10.5360325,110.960715,2023-04-15,Agricultural,Private,963315.6,Accept six her TV and strategy court.
981,2624.27,73.2942175,-20.305977,2023-08-02,Forest,Community,912536.27,
982,4347.77,-16.7527465,-155.855819,2023-06-17,Residential,Community,1325724.74,
983,5535.45,-81.4559895,79.294164,2022-09-20,Industrial,Private,1912778.76,
984,560.43,-72.446926,-35.727001,2021-09-10,Industrial,Private,249090.16,Area response there game meet.
985,9309.22,83.497508,-78.222047,2022-08-30,Commercial,Government,1811108.36,Civil central husband thought street who.
986,4119.74,76.1768945,53.014795,2021-08-07,Residential,Community,1027357.22,
987,6350.07,-66.5969005,-1.374624,2020-02-03,Commercial,Community,1892147.47,
988,5136.97,-73.9296985,96.220369,2023-01-17,Recreational,Community,1282876.96,
989,9891.67,-26.2892735,-149.96452,2023-04-01,Industrial,Community,1507900.46,
990,7266.61,65.3926925,115.463958,2023-02-06,Residential,Community,2779253.7,Account hair put much west.
991,5730.78,-3.791011,-121.873009,2020-07-27,Residential,Government,2117861.09,
992,1235.62,-78.3766305,-140.180447,2020-06-12,Residential,Community,235159.71,
993,252.92,-21.7978305,-78.877989,2022-08-27,Industrial,Community,88149.57,Might so food piece happen natural.
994,616.11,-73.879954,84.251735,2021-10-05,Forest,Government,44205.21,
995,2734.64,-57.4276605,115.29867,2021-03-10,Commercial,Private,204508.4,
996,5208.39,-14.693245,-42.16248,2021-11-24,Commercial,Community,877280.63,Unit rather new write air thus practice.
997,4345.54,-28.9478835,159.541729,2020-02-15,Commercial,Community,753629.39,
998,3342.36,50.4485415,143.754626,2021-08-26,Industrial,Government,1394778.58,
999,4356.42,33.445142,74.958424,2022-05-29,Residential,Community,1372756.16,Single easy again simply tonight but million.
1000,6910.28,56.559443,76.453739,2022-06-19,Forest,Private,719843.54,
