[{"development_category":"airport","pm2.5_(\u03bcg\/m\u00b3)":33.5579612003,"pm10_(\u03bcg\/m\u00b3)":65.8166092744,"no2_(ppb)":41.8780537337},{"development_category":"bridge","pm2.5_(\u03bcg\/m\u00b3)":30.5343956005,"pm10_(\u03bcg\/m\u00b3)":49.7515229385,"no2_(ppb)":19.2441718286},{"development_category":"factory","pm2.5_(\u03bcg\/m\u00b3)":56.4110894036,"pm10_(\u03bcg\/m\u00b3)":77.5422209712,"no2_(ppb)":49.9388800982},{"development_category":"housing","pm2.5_(\u03bcg\/m\u00b3)":30.6235512181,"pm10_(\u03bcg\/m\u00b3)":50.144464183,"no2_(ppb)":20.5240960419},{"development_category":"residential housing","pm2.5_(\u03bcg\/m\u00b3)":31.1452329023,"pm10_(\u03bcg\/m\u00b3)":49.4507050918,"no2_(ppb)":20.9402192398},{"development_category":"road construction","pm2.5_(\u03bcg\/m\u00b3)":39.8706010185,"pm10_(\u03bcg\/m\u00b3)":66.8293474979,"no2_(ppb)":25.2067725832}]