[{"development_category":"airport","tenure_(years)":25.6315789474,"size_(1-10)":5.2865497076,"energy_type_(1-renewable,_0-non-renewable)":0.4210526316,"energy_consumption_(units)":4901.0684924756},{"development_category":"bridge","tenure_(years)":24.7975460123,"size_(1-10)":5.4294478528,"energy_type_(1-renewable,_0-non-renewable)":0.4662576687,"energy_consumption_(units)":5323.6141045041},{"development_category":"factory","tenure_(years)":25.4457142857,"size_(1-10)":5.2285714286,"energy_type_(1-renewable,_0-non-renewable)":0.4971428571,"energy_consumption_(units)":5064.5321992836},{"development_category":"housing","tenure_(years)":26.012195122,"size_(1-10)":5.7195121951,"energy_type_(1-renewable,_0-non-renewable)":0.487804878,"energy_consumption_(units)":4953.9225769343},{"development_category":"residential housing","tenure_(years)":26.5949367089,"size_(1-10)":5.5569620253,"energy_type_(1-renewable,_0-non-renewable)":0.5253164557,"energy_consumption_(units)":4854.2777371342},{"development_category":"road construction","tenure_(years)":27.3313609467,"size_(1-10)":5.2958579882,"energy_type_(1-renewable,_0-non-renewable)":0.5384615385,"energy_consumption_(units)":5328.0471465023}]