[{"development_category":"airport","density_(projects\/km\u00b2)":5.2661223804,"pollution_index":15.7983671411,"pollution_density":0.3333333333},{"development_category":"bridge","density_(projects\/km\u00b2)":5.1696486937,"pollution_index":2.5848243469,"pollution_density":2.0},{"development_category":"factory","density_(projects\/km\u00b2)":4.9926552994,"pollution_index":24.9632764971,"pollution_density":0.2},{"development_category":"housing","density_(projects\/km\u00b2)":5.0627701137,"pollution_index":10.1255402274,"pollution_density":0.5},{"development_category":"residential housing","density_(projects\/km\u00b2)":4.836325527,"pollution_index":12.0908138176,"pollution_density":0.4},{"development_category":"road construction","density_(projects\/km\u00b2)":5.1271442985,"pollution_index":7.6907164477,"pollution_density":0.6666666667}]